Alter Pfad	Neuer Pfad
Medieninformatik Bachelor/01. Semester/Grundlagen der Theoretischen Informatik/Boehler/Klausuren/Boehler - 2014-WS - 1.pdf	Medieninformatik Bachelor/01. Semester/Grundlagen der Theoretischen Informatik/Boehler/Klausuren/GTI_Boehler_WS14-15_K_V01.pdf
Medieninformatik Bachelor/01. Semester/Grundlagen der Theoretischen Informatik/Boehler/Klausuren/Klausur_FGI_WS14_1.pdf	Medieninformatik Bachelor/01. Semester/Grundlagen der Theoretischen Informatik/Boehler/Klausuren/GTI_Boehler_WS14-15_K_V02.pdf
Medieninformatik Bachelor/01. Semester/Grundlagen der Theoretischen Informatik/Merceron/Klausuren/FGI Merceron SS08 Teil 1.pdf	Medieninformatik Bachelor/01. Semester/Grundlagen der Theoretischen Informatik/Merceron/Klausuren/GTI_Merceron_SS08_K_V01.pdf
Medieninformatik Bachelor/01. Semester/Grundlagen der Theoretischen Informatik/Merceron/Klausuren/Merceron - 2007-WS - 1.pdf	Medieninformatik Bachelor/01. Semester/Grundlagen der Theoretischen Informatik/Merceron/Klausuren/GTI_Merceron_WS07-08_K_V01.pdf
Medieninformatik Bachelor/01. Semester/Grundlagen der Theoretischen Informatik/Merceron/Klausuren/Merceron - 2008-SS - 1.pdf	Medieninformatik Bachelor/01. Semester/Grundlagen der Theoretischen Informatik/Merceron/Klausuren/GTI_Merceron_SS08_K_V02.pdf
Medieninformatik Bachelor/01. Semester/Grundlagen der Theoretischen Informatik/Merceron/Klausuren/Merceron - 2011-SS - 1.pdf	Medieninformatik Bachelor/01. Semester/Grundlagen der Theoretischen Informatik/Merceron/Klausuren/GTI_Merceron_SS11_K_V01.pdf
Medieninformatik Bachelor/01. Semester/Grundlagen der Theoretischen Informatik/Merceron/Klausuren/Merceron - 2011-SS - 2.pdf	Medieninformatik Bachelor/01. Semester/Grundlagen der Theoretischen Informatik/Merceron/Klausuren/GTI_Merceron_SS11_K_V02.pdf
Medieninformatik Bachelor/01. Semester/Grundlagen der Theoretischen Informatik/Merceron/Klausuren/WS0708_FGI_Merceron.pdf	Medieninformatik Bachelor/01. Semester/Grundlagen der Theoretischen Informatik/Merceron/Klausuren/GTI_Merceron_WS07-08_K_V02.pdf
Medieninformatik Bachelor/01. Semester/Grundlagen der Theoretischen Informatik/Merceron/Klausuren/fgi-merceron-ws11.pdf	Medieninformatik Bachelor/01. Semester/Grundlagen der Theoretischen Informatik/Merceron/Klausuren/GTI_Merceron_WS11-12_K_V01.pdf
Medieninformatik Bachelor/01. Semester/Grundlagen der Theoretischen Informatik/Nicht zugeordnet/Klausuren/Klausur FGI Teil 2.pdf	Medieninformatik Bachelor/01. Semester/Grundlagen der Theoretischen Informatik/Nicht zugeordnet/Klausuren/GTI_Unbekannt_Zeit-unbekannt_K_V01.pdf
Medieninformatik Bachelor/01. Semester/Grundlagen der Theoretischen Informatik/Nicht zugeordnet/Literatur/Literaturliste/Hopcroft Motwani Ullman - Einführung in die Automatentheorie - Formale Sprachen und Komplexitätstheorie.pdf	Medieninformatik Bachelor/01. Semester/Grundlagen der Theoretischen Informatik/Nicht zugeordnet/Literatur/Literaturliste/GTI_Unbekannt_Zeit-unbekannt_LIT_V01_Hopcroft-Motwani-Ullman---Einfuehrung-in-die-Automatentheorie---Formale-Sprachen-und-Komplexita.pdf
Medieninformatik Bachelor/01. Semester/Grundlagen der Theoretischen Informatik/Nicht zugeordnet/Literatur/Literaturliste/Sipser, Michael - Introduction to the Theory of Computation, Second Edition.pdf	Medieninformatik Bachelor/01. Semester/Grundlagen der Theoretischen Informatik/Nicht zugeordnet/Literatur/Literaturliste/GTI_Unbekannt_Zeit-unbekannt_LIT_V02_Sipser-Michael---Introduction-to-the-Theory-of-Computation-Second-Edition.pdf
Medieninformatik Bachelor/01. Semester/Grundlagen der Theoretischen Informatik/Nicht zugeordnet/Literatur/Literaturliste/Uwe Schöning - Theoretische Informatik - kurz gefasst.pdf	Medieninformatik Bachelor/01. Semester/Grundlagen der Theoretischen Informatik/Nicht zugeordnet/Literatur/Literaturliste/GTI_Unbekannt_Zeit-unbekannt_LIT_V03_Uwe-Schoening---Theoretische-Informatik---kurz-gefasst.pdf
Medieninformatik Bachelor/01. Semester/Grundlagen der Theoretischen Informatik/Siu/Klausuren/Siu - 2023-WS - Test_1.pdf	Medieninformatik Bachelor/01. Semester/Grundlagen der Theoretischen Informatik/Siu/Klausuren/GTI_Siu_WS23-24_K_V01.pdf
Medieninformatik Bachelor/01. Semester/Grundlagen der Theoretischen Informatik/Siu/Klausuren/Siu - 2023-WS - Test_2.pdf	Medieninformatik Bachelor/01. Semester/Grundlagen der Theoretischen Informatik/Siu/Klausuren/GTI_Siu_WS23-24_K_V02.pdf
Medieninformatik Bachelor/01. Semester/Grundlagen der Theoretischen Informatik/Siu/Klausuren/Siu - 2023-WS - Test_3.pdf	Medieninformatik Bachelor/01. Semester/Grundlagen der Theoretischen Informatik/Siu/Klausuren/GTI_Siu_WS23-24_K_V03.pdf
Medieninformatik Bachelor/01. Semester/Mathematik I/Fuegenschuh/Klausuren/Fügenschuh - 2024-SS - Test_1.jpg	Medieninformatik Bachelor/01. Semester/Mathematik I/Fuegenschuh/Klausuren/MA1_Fuegenschuh_SS24_K_V01.jpg
Medieninformatik Bachelor/01. Semester/Mathematik I/Fuegenschuh/Klausuren/Fügenschuh - 2024-SS - Test_2.jpg	Medieninformatik Bachelor/01. Semester/Mathematik I/Fuegenschuh/Klausuren/MA1_Fuegenschuh_SS24_K_V02.jpg
Medieninformatik Bachelor/01. Semester/Mathematik I/Gharagazarloo/Klausuren/Gharagazarloo_SoSe_21.pdf	Medieninformatik Bachelor/01. Semester/Mathematik I/Gharagazarloo/Klausuren/MA1_Gharagazarloo_SS21_K_V01.pdf
Medieninformatik Bachelor/01. Semester/Mathematik I/Gillert/Klausuren/Gillert - 2007-WS - 1.pdf	Medieninformatik Bachelor/01. Semester/Mathematik I/Gillert/Klausuren/MA1_Gillert_WS07-08_K_V01.pdf
Medieninformatik Bachelor/01. Semester/Mathematik I/Gillert/Klausuren/MA1 Gillert WS0708.pdf	Medieninformatik Bachelor/01. Semester/Mathematik I/Gillert/Klausuren/MA1_Gillert_WS07-08_K_V02.pdf
Medieninformatik Bachelor/01. Semester/Mathematik I/Goebel/Klausuren/Goebel - 2005-WS - 1.pdf	Medieninformatik Bachelor/01. Semester/Mathematik I/Goebel/Klausuren/MA1_Goebel_WS05-06_K_V01.pdf
Medieninformatik Bachelor/01. Semester/Mathematik I/Goebel/Klausuren/Goebel - 2006-SS - 1.pdf	Medieninformatik Bachelor/01. Semester/Mathematik I/Goebel/Klausuren/MA1_Goebel_SS06_K_V01.pdf
Medieninformatik Bachelor/01. Semester/Mathematik I/Goebel/Klausuren/Goebel - 2006-WS - 1.pdf	Medieninformatik Bachelor/01. Semester/Mathematik I/Goebel/Klausuren/MA1_Goebel_WS06-07_K_V01.pdf
Medieninformatik Bachelor/01. Semester/Mathematik I/Goebel/Klausuren/Goebel - 2008-SS - 1.pdf	Medieninformatik Bachelor/01. Semester/Mathematik I/Goebel/Klausuren/MA1_Goebel_SS08_K_V01.pdf
Medieninformatik Bachelor/01. Semester/Mathematik I/Goebel/Klausuren/Goebel - 2008-WS - 1.pdf	Medieninformatik Bachelor/01. Semester/Mathematik I/Goebel/Klausuren/MA1_Goebel_WS08-09_K_V01.pdf
Medieninformatik Bachelor/01. Semester/Mathematik I/Goebel/Klausuren/MA1 Goebel SS06.pdf	Medieninformatik Bachelor/01. Semester/Mathematik I/Goebel/Klausuren/MA1_Goebel_SS06_K_V02.pdf
Medieninformatik Bachelor/01. Semester/Mathematik I/Goebel/Klausuren/MA1 Goebel SS08 B.pdf	Medieninformatik Bachelor/01. Semester/Mathematik I/Goebel/Klausuren/MA1_Goebel_SS08_K_V02.pdf
Medieninformatik Bachelor/01. Semester/Mathematik I/Goebel/Klausuren/MA1 Goebel WS05.pdf	Medieninformatik Bachelor/01. Semester/Mathematik I/Goebel/Klausuren/MA1_Goebel_WS05-06_K_V02.pdf
Medieninformatik Bachelor/01. Semester/Mathematik I/Goebel/Klausuren/MA1 Goebel WS06.pdf	Medieninformatik Bachelor/01. Semester/Mathematik I/Goebel/Klausuren/MA1_Goebel_WS06-07_K_V02.pdf
Medieninformatik Bachelor/01. Semester/Mathematik I/Goebel/Klausuren/MA1 Goebel WS08.pdf	Medieninformatik Bachelor/01. Semester/Mathematik I/Goebel/Klausuren/MA1_Goebel_WS08-09_K_V02.pdf
Medieninformatik Bachelor/01. Semester/Mathematik I/Mendez/Klausuren/MA1 Mendez WS0910.pdf	Medieninformatik Bachelor/01. Semester/Mathematik I/Mendez/Klausuren/MA1_Mendez_WS09-10_K_V01.pdf
Medieninformatik Bachelor/01. Semester/Mathematik I/Mendez/Klausuren/Mendez - 2009-WS - 1.pdf	Medieninformatik Bachelor/01. Semester/Mathematik I/Mendez/Klausuren/MA1_Mendez_WS09-10_K_V02.pdf
Medieninformatik Bachelor/01. Semester/Mathematik I/Mueller/Klausuren/MA1 Mueller WS1617.pdf	Medieninformatik Bachelor/01. Semester/Mathematik I/Mueller/Klausuren/MA1_Mueller_WS16-17_K_V01.pdf
Medieninformatik Bachelor/01. Semester/Mathematik I/Mueller/Klausuren/MA1 Müller SS1011.pdf	Medieninformatik Bachelor/01. Semester/Mathematik I/Mueller/Klausuren/MA1_Mueller_Zeit-unbekannt_K_V01.pdf
Medieninformatik Bachelor/01. Semester/Mathematik I/Mueller/Klausuren/Mueller - 2011-SS - 1.pdf	Medieninformatik Bachelor/01. Semester/Mathematik I/Mueller/Klausuren/MA1_Mueller_SS11_K_V01.pdf
Medieninformatik Bachelor/01. Semester/Mathematik I/Mueller/Klausuren/Mueller - 2016-WS - 1.pdf	Medieninformatik Bachelor/01. Semester/Mathematik I/Mueller/Klausuren/MA1_Mueller_WS16-17_K_V02.pdf
Medieninformatik Bachelor/01. Semester/Mathematik I/Nicht zugeordnet/Uebungen/MatheUB1-13_mit loesung.pdf	Medieninformatik Bachelor/01. Semester/Mathematik I/Nicht zugeordnet/Uebungen/MA1_Unbekannt_Zeit-unbekannt_UE_V01_L_MatheUB1-13-mit-loesung.pdf
Medieninformatik Bachelor/01. Semester/Mathematik I/Oellrich/Klausuren/MA1 Oellrich WS0910.pdf	Medieninformatik Bachelor/01. Semester/Mathematik I/Oellrich/Klausuren/MA1_Oellrich_WS09-10_K_V01.pdf
Medieninformatik Bachelor/01. Semester/Mathematik I/Oellrich/Klausuren/Oellrich - 2009-WS - 1.pdf	Medieninformatik Bachelor/01. Semester/Mathematik I/Oellrich/Klausuren/MA1_Oellrich_WS09-10_K_V02.pdf
Medieninformatik Bachelor/01. Semester/Mathematik I/Oellrich/Klausuren/Oellrich - 2022-WS - 1.pdf	Medieninformatik Bachelor/01. Semester/Mathematik I/Oellrich/Klausuren/MA1_Oellrich_WS22-23_K_V01.pdf
Medieninformatik Bachelor/01. Semester/Mathematik I/Rothkirch/Klausuren/MA1 Rothkirch SS06.pdf	Medieninformatik Bachelor/01. Semester/Mathematik I/Rothkirch/Klausuren/MA1_Rothkirch_SS06_K_V01.pdf
Medieninformatik Bachelor/01. Semester/Mathematik I/Rothkirch/Klausuren/MA1 Rothkirch SS08.pdf	Medieninformatik Bachelor/01. Semester/Mathematik I/Rothkirch/Klausuren/MA1_Rothkirch_SS08_K_V01.pdf
Medieninformatik Bachelor/01. Semester/Mathematik I/Rothkirch/Klausuren/Rothkirch - 2006-SS - 1.pdf	Medieninformatik Bachelor/01. Semester/Mathematik I/Rothkirch/Klausuren/MA1_Rothkirch_SS06_K_V02.pdf
Medieninformatik Bachelor/01. Semester/Mathematik I/Rothkirch/Klausuren/Rothkirch - 2008-SS - 1.pdf	Medieninformatik Bachelor/01. Semester/Mathematik I/Rothkirch/Klausuren/MA1_Rothkirch_SS08_K_V02.pdf
Medieninformatik Bachelor/01. Semester/Programmieren I/Grude/Klausuren/Grude - 1999-WS - 1.pdf	Medieninformatik Bachelor/01. Semester/Programmieren I/Grude/Klausuren/P1_Grude_Zeit-unbekannt_K_V01.pdf
Medieninformatik Bachelor/01. Semester/Programmieren I/Grude/Klausuren/Grude - 1999-WS - 2.pdf	Medieninformatik Bachelor/01. Semester/Programmieren I/Grude/Klausuren/P1_Grude_Zeit-unbekannt_K_V02.pdf
Medieninformatik Bachelor/01. Semester/Programmieren I/Grude/Klausuren/Grude - 2000-SS - 1.pdf	Medieninformatik Bachelor/01. Semester/Programmieren I/Grude/Klausuren/P1_Grude_SS00_K_V01.pdf
Medieninformatik Bachelor/01. Semester/Programmieren I/Grude/Klausuren/Grude - 2000-SS - 2.pdf	Medieninformatik Bachelor/01. Semester/Programmieren I/Grude/Klausuren/P1_Grude_SS00_K_V02.pdf
Medieninformatik Bachelor/01. Semester/Programmieren I/Grude/Klausuren/Grude - 2001-WS - 1.pdf	Medieninformatik Bachelor/01. Semester/Programmieren I/Grude/Klausuren/P1_Grude_WS01-02_K_V01.pdf
Medieninformatik Bachelor/01. Semester/Programmieren I/Grude/Klausuren/Grude - 2001-WS - 2.pdf	Medieninformatik Bachelor/01. Semester/Programmieren I/Grude/Klausuren/P1_Grude_WS01-02_K_V02.pdf
Medieninformatik Bachelor/01. Semester/Programmieren I/Grude/Klausuren/Grude - 2002-SS - 1.pdf	Medieninformatik Bachelor/01. Semester/Programmieren I/Grude/Klausuren/P1_Grude_SS02_K_V01.pdf
Medieninformatik Bachelor/01. Semester/Programmieren I/Grude/Klausuren/Grude - 2002-SS - 2.pdf	Medieninformatik Bachelor/01. Semester/Programmieren I/Grude/Klausuren/P1_Grude_SS02_K_V02.pdf
Medieninformatik Bachelor/01. Semester/Programmieren I/Grude/Klausuren/Grude - 2002-WS - 1.pdf	Medieninformatik Bachelor/01. Semester/Programmieren I/Grude/Klausuren/P1_Grude_WS02-03_K_V01.pdf
Medieninformatik Bachelor/01. Semester/Programmieren I/Grude/Klausuren/Grude - 2002-WS - 2.pdf	Medieninformatik Bachelor/01. Semester/Programmieren I/Grude/Klausuren/P1_Grude_WS02-03_K_V02.pdf
Medieninformatik Bachelor/01. Semester/Programmieren I/Grude/Klausuren/Grude - 2003-SS - 1.pdf	Medieninformatik Bachelor/01. Semester/Programmieren I/Grude/Klausuren/P1_Grude_SS03_K_V01.pdf
Medieninformatik Bachelor/01. Semester/Programmieren I/Grude/Klausuren/Grude - 2003-SS - 2.pdf	Medieninformatik Bachelor/01. Semester/Programmieren I/Grude/Klausuren/P1_Grude_SS03_K_V02.pdf
Medieninformatik Bachelor/01. Semester/Programmieren I/Grude/Klausuren/Grude - 2004-WS - 1.pdf	Medieninformatik Bachelor/01. Semester/Programmieren I/Grude/Klausuren/P1_Grude_WS04-05_K_V01.pdf
Medieninformatik Bachelor/01. Semester/Programmieren I/Grude/Klausuren/Grude - 2004-WS - 2.pdf	Medieninformatik Bachelor/01. Semester/Programmieren I/Grude/Klausuren/P1_Grude_WS04-05_K_V02.pdf
Medieninformatik Bachelor/01. Semester/Programmieren I/Grude/Klausuren/Grude - 2004-WS - 3.pdf	Medieninformatik Bachelor/01. Semester/Programmieren I/Grude/Klausuren/P1_Grude_WS04-05_K_V03.pdf
Medieninformatik Bachelor/01. Semester/Programmieren I/Grude/Klausuren/Grude - 2005-WS - 1.pdf	Medieninformatik Bachelor/01. Semester/Programmieren I/Grude/Klausuren/P1_Grude_WS05-06_K_V01.pdf
Medieninformatik Bachelor/01. Semester/Programmieren I/Grude/Klausuren/Grude - 2005-WS - 2.pdf	Medieninformatik Bachelor/01. Semester/Programmieren I/Grude/Klausuren/P1_Grude_WS05-06_K_V02.pdf
Medieninformatik Bachelor/01. Semester/Programmieren I/Grude/Klausuren/Grude - 2007-SS - 1.pdf	Medieninformatik Bachelor/01. Semester/Programmieren I/Grude/Klausuren/P1_Grude_SS07_K_V01.pdf
Medieninformatik Bachelor/01. Semester/Programmieren I/Grude/Klausuren/Grude - 2007-SS - 2.pdf	Medieninformatik Bachelor/01. Semester/Programmieren I/Grude/Klausuren/P1_Grude_SS07_K_V02.pdf
Medieninformatik Bachelor/01. Semester/Programmieren I/Grude/Klausuren/Grude - 2007-WS - 1.pdf	Medieninformatik Bachelor/01. Semester/Programmieren I/Grude/Klausuren/P1_Grude_WS07-08_K_V01.pdf
Medieninformatik Bachelor/01. Semester/Programmieren I/Grude/Klausuren/Grude - 2008-SS - 1.pdf	Medieninformatik Bachelor/01. Semester/Programmieren I/Grude/Klausuren/P1_Grude_SS08_K_V01.pdf
Medieninformatik Bachelor/01. Semester/Programmieren I/Grude/Klausuren/Grude - 2008-SS - 2.pdf	Medieninformatik Bachelor/01. Semester/Programmieren I/Grude/Klausuren/P1_Grude_SS08_K_V02.pdf
Medieninformatik Bachelor/01. Semester/Programmieren I/Grude/Klausuren/Grude - 2008-SS - 3.pdf	Medieninformatik Bachelor/01. Semester/Programmieren I/Grude/Klausuren/P1_Grude_SS08_K_V03.pdf
Medieninformatik Bachelor/01. Semester/Programmieren I/Grude/Klausuren/Grude - 2009-SS - 1.pdf	Medieninformatik Bachelor/01. Semester/Programmieren I/Grude/Klausuren/P1_Grude_SS09_K_V01.pdf
Medieninformatik Bachelor/01. Semester/Programmieren I/Grude/Klausuren/Grude - 2009-SS - 2.pdf	Medieninformatik Bachelor/01. Semester/Programmieren I/Grude/Klausuren/P1_Grude_SS09_K_V02.pdf
Medieninformatik Bachelor/01. Semester/Programmieren I/Grude/Klausuren/Grude - 2009-WS - 1.pdf	Medieninformatik Bachelor/01. Semester/Programmieren I/Grude/Klausuren/P1_Grude_WS09-10_K_V01.pdf
Medieninformatik Bachelor/01. Semester/Programmieren I/Grude/Klausuren/Grude - 2010-SS - 1.pdf	Medieninformatik Bachelor/01. Semester/Programmieren I/Grude/Klausuren/P1_Grude_SS10_K_V01.pdf
Medieninformatik Bachelor/01. Semester/Programmieren I/Grude/Klausuren/Grude - 2010-SS - 2.pdf	Medieninformatik Bachelor/01. Semester/Programmieren I/Grude/Klausuren/P1_Grude_SS10_K_V02.pdf
Medieninformatik Bachelor/01. Semester/Programmieren I/Grude/Klausuren/PR1 Grude SS08.pdf	Medieninformatik Bachelor/01. Semester/Programmieren I/Grude/Klausuren/P1_Grude_SS08_K_V04.pdf
Medieninformatik Bachelor/01. Semester/Programmieren I/Grude/Klausuren/PR1 Grude WS05.pdf	Medieninformatik Bachelor/01. Semester/Programmieren I/Grude/Klausuren/P1_Grude_WS05-06_K_V03.pdf
Medieninformatik Bachelor/01. Semester/Programmieren I/Merceron/Klausuren/Merceron - 2008-SS - 1.pdf	Medieninformatik Bachelor/01. Semester/Programmieren I/Merceron/Klausuren/P1_Merceron_SS08_K_V01.pdf
Medieninformatik Bachelor/01. Semester/Programmieren I/Merceron/Klausuren/PR1 Merceron SS08.pdf	Medieninformatik Bachelor/01. Semester/Programmieren I/Merceron/Klausuren/P1_Merceron_SS08_K_V02.pdf
Medieninformatik Bachelor/01. Semester/Programmieren I/Nicht zugeordnet/Klausuren/HKLSS00ml.pdf	Medieninformatik Bachelor/01. Semester/Programmieren I/Nicht zugeordnet/Klausuren/P1_Unbekannt_SS00_K_V01.pdf
Medieninformatik Bachelor/01. Semester/Programmieren I/Nicht zugeordnet/Klausuren/HKLSS02ml.pdf	Medieninformatik Bachelor/01. Semester/Programmieren I/Nicht zugeordnet/Klausuren/P1_Unbekannt_SS02_K_V01.pdf
Medieninformatik Bachelor/01. Semester/Programmieren I/Nicht zugeordnet/Klausuren/HKLSS03ml.pdf	Medieninformatik Bachelor/01. Semester/Programmieren I/Nicht zugeordnet/Klausuren/P1_Unbekannt_SS03_K_V01.pdf
Medieninformatik Bachelor/01. Semester/Programmieren I/Nicht zugeordnet/Klausuren/HKLWS0102ml.pdf	Medieninformatik Bachelor/01. Semester/Programmieren I/Nicht zugeordnet/Klausuren/P1_Unbekannt_WS01-02_K_V01.pdf
Medieninformatik Bachelor/01. Semester/Programmieren I/Nicht zugeordnet/Klausuren/HKLWS0203ml.pdf	Medieninformatik Bachelor/01. Semester/Programmieren I/Nicht zugeordnet/Klausuren/P1_Unbekannt_WS02-03_K_V01.pdf
Medieninformatik Bachelor/01. Semester/Programmieren I/Nicht zugeordnet/Klausuren/HKLWS0405ml.pdf	Medieninformatik Bachelor/01. Semester/Programmieren I/Nicht zugeordnet/Klausuren/P1_Unbekannt_WS04-05_K_V01.pdf
Medieninformatik Bachelor/01. Semester/Programmieren I/Nicht zugeordnet/Klausuren/HKLWS9900ml.pdf	Medieninformatik Bachelor/01. Semester/Programmieren I/Nicht zugeordnet/Klausuren/P1_Unbekannt_WS99-00_K_V01.pdf
Medieninformatik Bachelor/01. Semester/Programmieren I/Nicht zugeordnet/Klausuren/NKLSS00ml.pdf	Medieninformatik Bachelor/01. Semester/Programmieren I/Nicht zugeordnet/Klausuren/P1_Unbekannt_SS00_K_V02.pdf
Medieninformatik Bachelor/01. Semester/Programmieren I/Nicht zugeordnet/Klausuren/NKLSS02ml.pdf	Medieninformatik Bachelor/01. Semester/Programmieren I/Nicht zugeordnet/Klausuren/P1_Unbekannt_SS02_K_V02.pdf
Medieninformatik Bachelor/01. Semester/Programmieren I/Nicht zugeordnet/Klausuren/NKLSS03ml.pdf	Medieninformatik Bachelor/01. Semester/Programmieren I/Nicht zugeordnet/Klausuren/P1_Unbekannt_SS03_K_V02.pdf
Medieninformatik Bachelor/01. Semester/Programmieren I/Nicht zugeordnet/Klausuren/NKLWS0102ml.pdf	Medieninformatik Bachelor/01. Semester/Programmieren I/Nicht zugeordnet/Klausuren/P1_Unbekannt_WS01-02_K_V02.pdf
Medieninformatik Bachelor/01. Semester/Programmieren I/Nicht zugeordnet/Klausuren/NKLWS0203ml.pdf	Medieninformatik Bachelor/01. Semester/Programmieren I/Nicht zugeordnet/Klausuren/P1_Unbekannt_WS02-03_K_V02.pdf
Medieninformatik Bachelor/01. Semester/Programmieren I/Nicht zugeordnet/Klausuren/NKLWS0405ml.pdf	Medieninformatik Bachelor/01. Semester/Programmieren I/Nicht zugeordnet/Klausuren/P1_Unbekannt_WS04-05_K_V02.pdf
Medieninformatik Bachelor/01. Semester/Programmieren I/Nicht zugeordnet/Klausuren/NKLWS9900ml.pdf	Medieninformatik Bachelor/01. Semester/Programmieren I/Nicht zugeordnet/Klausuren/P1_Unbekannt_WS99-00_K_V02.pdf
Medieninformatik Bachelor/01. Semester/Programmieren I/Nicht zugeordnet/Klausuren/PR1_04WS_NK.pdf	Medieninformatik Bachelor/01. Semester/Programmieren I/Nicht zugeordnet/Klausuren/P1_Unbekannt_Zeit-unbekannt_K_V01.pdf
Medieninformatik Bachelor/01. Semester/Programmieren I/Nicht zugeordnet/Klausuren/PR1_05WS_HK.pdf	Medieninformatik Bachelor/01. Semester/Programmieren I/Nicht zugeordnet/Klausuren/P1_Unbekannt_Zeit-unbekannt_K_V02.pdf
Medieninformatik Bachelor/01. Semester/Programmieren I/Nicht zugeordnet/Klausuren/PR1_07SS_HK.pdf	Medieninformatik Bachelor/01. Semester/Programmieren I/Nicht zugeordnet/Klausuren/P1_Unbekannt_Zeit-unbekannt_K_V03.pdf
Medieninformatik Bachelor/01. Semester/Programmieren I/Nicht zugeordnet/Klausuren/PR1_07SS_NK.pdf	Medieninformatik Bachelor/01. Semester/Programmieren I/Nicht zugeordnet/Klausuren/P1_Unbekannt_Zeit-unbekannt_K_V04.pdf
Medieninformatik Bachelor/01. Semester/Programmieren I/Nicht zugeordnet/Klausuren/PR1_08SS_HK.pdf	Medieninformatik Bachelor/01. Semester/Programmieren I/Nicht zugeordnet/Klausuren/P1_Unbekannt_Zeit-unbekannt_K_V05.pdf
Medieninformatik Bachelor/01. Semester/Programmieren I/Nicht zugeordnet/Klausuren/PR1_08SS_NK.pdf	Medieninformatik Bachelor/01. Semester/Programmieren I/Nicht zugeordnet/Klausuren/P1_Unbekannt_Zeit-unbekannt_K_V06.pdf
Medieninformatik Bachelor/01. Semester/Programmieren I/Nicht zugeordnet/Klausuren/PR1_09SS_HK.pdf	Medieninformatik Bachelor/01. Semester/Programmieren I/Nicht zugeordnet/Klausuren/P1_Unbekannt_Zeit-unbekannt_K_V07.pdf
Medieninformatik Bachelor/01. Semester/Programmieren I/Nicht zugeordnet/Klausuren/PR1_09SS_NK.pdf	Medieninformatik Bachelor/01. Semester/Programmieren I/Nicht zugeordnet/Klausuren/P1_Unbekannt_Zeit-unbekannt_K_V08.pdf
Medieninformatik Bachelor/01. Semester/Programmieren I/Nicht zugeordnet/Klausuren/PR1_10SS_HK.pdf	Medieninformatik Bachelor/01. Semester/Programmieren I/Nicht zugeordnet/Klausuren/P1_Unbekannt_Zeit-unbekannt_K_V09.pdf
Medieninformatik Bachelor/01. Semester/Programmieren I/Nicht zugeordnet/Klausuren/PR1_10SS_NK.pdf	Medieninformatik Bachelor/01. Semester/Programmieren I/Nicht zugeordnet/Klausuren/P1_Unbekannt_Zeit-unbekannt_K_V10.pdf
Medieninformatik Bachelor/01. Semester/Programmieren I/Nicht zugeordnet/Klausuren/PR3_07WS_TB_HK.pdf	Medieninformatik Bachelor/01. Semester/Programmieren I/Nicht zugeordnet/Klausuren/P1_Unbekannt_Zeit-unbekannt_K_V11.pdf
Medieninformatik Bachelor/01. Semester/Programmieren I/Nicht zugeordnet/Klausuren/TB3_IN3_09WS_HK.pdf	Medieninformatik Bachelor/01. Semester/Programmieren I/Nicht zugeordnet/Klausuren/P1_Unbekannt_Zeit-unbekannt_K_V12.pdf
Medieninformatik Bachelor/01. Semester/Programmieren I/Nicht zugeordnet/Klausuren/XXXX - XXXXWS - 1.pdf	Medieninformatik Bachelor/01. Semester/Programmieren I/Nicht zugeordnet/Klausuren/P1_Unbekannt_Zeit-unbekannt_K_V13.pdf
Medieninformatik Bachelor/01. Semester/Programmieren I/Nicht zugeordnet/Klausuren/XXXX - XXXXWS - 2.pdf	Medieninformatik Bachelor/01. Semester/Programmieren I/Nicht zugeordnet/Klausuren/P1_Unbekannt_Zeit-unbekannt_K_V14.pdf
Medieninformatik Bachelor/01. Semester/Programmieren I/Nicht zugeordnet/Klausuren/XXXX - XXXXWS - 3.pdf	Medieninformatik Bachelor/01. Semester/Programmieren I/Nicht zugeordnet/Klausuren/P1_Unbekannt_Zeit-unbekannt_K_V15.pdf
Medieninformatik Bachelor/01. Semester/Programmieren I/Nicht zugeordnet/Klausuren/klausuraufgaben_pr1.pdf	Medieninformatik Bachelor/01. Semester/Programmieren I/Nicht zugeordnet/Klausuren/P1_Unbekannt_Zeit-unbekannt_K_V16.pdf
Medieninformatik Bachelor/01. Semester/Programmieren I/Nicht zugeordnet/Klausuren/klausurloesungen_pr1.pdf	Medieninformatik Bachelor/01. Semester/Programmieren I/Nicht zugeordnet/Klausuren/P1_Unbekannt_Zeit-unbekannt_K_V17_L.pdf
Medieninformatik Bachelor/01. Semester/Programmieren I/Nicht zugeordnet/Klausuren/progI_test1-10_ohne Lösung.pdf	Medieninformatik Bachelor/01. Semester/Programmieren I/Nicht zugeordnet/Klausuren/P1_Unbekannt_Zeit-unbekannt_K_V18_blanko.pdf
Medieninformatik Bachelor/01. Semester/Programmieren I/Nicht zugeordnet/Klausuren/www.dropbox.com.url	Medieninformatik Bachelor/01. Semester/Programmieren I/Nicht zugeordnet/Klausuren/P1_Unbekannt_Zeit-unbekannt_K_V19.url
Medieninformatik Bachelor/01. Semester/Programmieren I/Nicht zugeordnet/Probeklausuren/Beispielklausur Lösung - README.TXT	Medieninformatik Bachelor/01. Semester/Programmieren I/Nicht zugeordnet/Probeklausuren/P1_Unbekannt_Zeit-unbekannt_PK_V01_L.txt
Medieninformatik Bachelor/01. Semester/Programmieren I/Nicht zugeordnet/Probeklausuren/Beispielklausur.pdf	Medieninformatik Bachelor/01. Semester/Programmieren I/Nicht zugeordnet/Probeklausuren/P1_Unbekannt_Zeit-unbekannt_PK_V02.pdf
Medieninformatik Bachelor/01. Semester/Programmieren I/Nicht zugeordnet/Testate/Prog 1 Tests 2010 - Prog1-Test1.pdf	Medieninformatik Bachelor/01. Semester/Programmieren I/Nicht zugeordnet/Testate/P1_Unbekannt_Zeit-unbekannt_T_V01.pdf
Medieninformatik Bachelor/01. Semester/Programmieren I/Nicht zugeordnet/Testate/Prog 1 Tests 2010 - Prog1-Test10.pdf	Medieninformatik Bachelor/01. Semester/Programmieren I/Nicht zugeordnet/Testate/P1_Unbekannt_Zeit-unbekannt_T_V02.pdf
Medieninformatik Bachelor/01. Semester/Programmieren I/Nicht zugeordnet/Testate/Prog 1 Tests 2010 - Prog1-Test2.pdf	Medieninformatik Bachelor/01. Semester/Programmieren I/Nicht zugeordnet/Testate/P1_Unbekannt_Zeit-unbekannt_T_V03.pdf
Medieninformatik Bachelor/01. Semester/Programmieren I/Nicht zugeordnet/Testate/Prog 1 Tests 2010 - Prog1-Test3.pdf	Medieninformatik Bachelor/01. Semester/Programmieren I/Nicht zugeordnet/Testate/P1_Unbekannt_Zeit-unbekannt_T_V04.pdf
Medieninformatik Bachelor/01. Semester/Programmieren I/Nicht zugeordnet/Testate/Prog 1 Tests 2010 - Prog1-Test4.pdf	Medieninformatik Bachelor/01. Semester/Programmieren I/Nicht zugeordnet/Testate/P1_Unbekannt_Zeit-unbekannt_T_V05.pdf
Medieninformatik Bachelor/01. Semester/Programmieren I/Nicht zugeordnet/Testate/Prog 1 Tests 2010 - Prog1-Test5.pdf	Medieninformatik Bachelor/01. Semester/Programmieren I/Nicht zugeordnet/Testate/P1_Unbekannt_Zeit-unbekannt_T_V06.pdf
Medieninformatik Bachelor/01. Semester/Programmieren I/Nicht zugeordnet/Testate/Prog 1 Tests 2010 - Prog1-Test6.pdf	Medieninformatik Bachelor/01. Semester/Programmieren I/Nicht zugeordnet/Testate/P1_Unbekannt_Zeit-unbekannt_T_V07.pdf
Medieninformatik Bachelor/01. Semester/Programmieren I/Nicht zugeordnet/Testate/Prog 1 Tests 2010 - Prog1-Test7.pdf	Medieninformatik Bachelor/01. Semester/Programmieren I/Nicht zugeordnet/Testate/P1_Unbekannt_Zeit-unbekannt_T_V08.pdf
Medieninformatik Bachelor/01. Semester/Programmieren I/Nicht zugeordnet/Testate/Prog 1 Tests 2010 - Prog1-Test8.pdf	Medieninformatik Bachelor/01. Semester/Programmieren I/Nicht zugeordnet/Testate/P1_Unbekannt_Zeit-unbekannt_T_V09.pdf
Medieninformatik Bachelor/01. Semester/Programmieren I/Nicht zugeordnet/Testate/Prog 1 Tests 2010 - Prog1-Test9.pdf	Medieninformatik Bachelor/01. Semester/Programmieren I/Nicht zugeordnet/Testate/P1_Unbekannt_Zeit-unbekannt_T_V10.pdf
Medieninformatik Bachelor/01. Semester/Programmieren I/Nicht zugeordnet/Testate/Prog 1 Tests 2012 - PROG_1_T1.pdf	Medieninformatik Bachelor/01. Semester/Programmieren I/Nicht zugeordnet/Testate/P1_Unbekannt_Zeit-unbekannt_T_V11.pdf
Medieninformatik Bachelor/01. Semester/Programmieren I/Nicht zugeordnet/Testate/Prog 1 Tests 2012 - PROG_1_T2.pdf	Medieninformatik Bachelor/01. Semester/Programmieren I/Nicht zugeordnet/Testate/P1_Unbekannt_Zeit-unbekannt_T_V12.pdf
Medieninformatik Bachelor/01. Semester/Programmieren I/Nicht zugeordnet/Testate/Prog 1 Tests 2012 - PROG_1_T3.pdf	Medieninformatik Bachelor/01. Semester/Programmieren I/Nicht zugeordnet/Testate/P1_Unbekannt_Zeit-unbekannt_T_V13.pdf
Medieninformatik Bachelor/01. Semester/Programmieren I/Nicht zugeordnet/Testate/Prog 1 Tests 2012 - PROG_1_T4.pdf	Medieninformatik Bachelor/01. Semester/Programmieren I/Nicht zugeordnet/Testate/P1_Unbekannt_Zeit-unbekannt_T_V14.pdf
Medieninformatik Bachelor/01. Semester/Programmieren I/Nicht zugeordnet/Testate/Prog 1 Tests 2012 - PROG_1_T5.pdf	Medieninformatik Bachelor/01. Semester/Programmieren I/Nicht zugeordnet/Testate/P1_Unbekannt_Zeit-unbekannt_T_V15.pdf
Medieninformatik Bachelor/01. Semester/Programmieren I/Nicht zugeordnet/Testate/Prog 1 Tests 2012 - PROG_1_T6.pdf	Medieninformatik Bachelor/01. Semester/Programmieren I/Nicht zugeordnet/Testate/P1_Unbekannt_Zeit-unbekannt_T_V16.pdf
Medieninformatik Bachelor/01. Semester/Programmieren I/Nicht zugeordnet/Testate/Prog 1 Tests 2012 - PROG_1_T7.pdf	Medieninformatik Bachelor/01. Semester/Programmieren I/Nicht zugeordnet/Testate/P1_Unbekannt_Zeit-unbekannt_T_V17.pdf
Medieninformatik Bachelor/01. Semester/Programmieren I/Nicht zugeordnet/Testate/Prog 1 Tests 2012 - PROG_1_T8.pdf	Medieninformatik Bachelor/01. Semester/Programmieren I/Nicht zugeordnet/Testate/P1_Unbekannt_Zeit-unbekannt_T_V18.pdf
Medieninformatik Bachelor/01. Semester/Programmieren I/Nicht zugeordnet/Testate/Prog 1 Tests 2016 - T0-Zahlen.pdf	Medieninformatik Bachelor/01. Semester/Programmieren I/Nicht zugeordnet/Testate/P1_Unbekannt_Zeit-unbekannt_T_V19.pdf
Medieninformatik Bachelor/01. Semester/Programmieren I/Nicht zugeordnet/Testate/Prog 1 Tests 2016 - T1-Werte,Typen und Anweisungen.pdf	Medieninformatik Bachelor/01. Semester/Programmieren I/Nicht zugeordnet/Testate/P1_Unbekannt_Zeit-unbekannt_T_V20.pdf
Medieninformatik Bachelor/01. Semester/Programmieren I/Nicht zugeordnet/Uebungen/Adressbuch.zip	Medieninformatik Bachelor/01. Semester/Programmieren I/Nicht zugeordnet/Uebungen/P1_Unbekannt_Zeit-unbekannt_UE_V01_Adressbuch.zip
Medieninformatik Bachelor/01. Semester/Programmieren I/Nicht zugeordnet/Uebungen/Adressbuch_Josefine_unfertig.zip	Medieninformatik Bachelor/01. Semester/Programmieren I/Nicht zugeordnet/Uebungen/P1_Unbekannt_Zeit-unbekannt_UE_V02_Adressbuch-Josefine-unfertig.zip
Medieninformatik Bachelor/01. Semester/Programmieren I/Nicht zugeordnet/Uebungen/Artikelbestand.alpha (Philipp H).zip	Medieninformatik Bachelor/01. Semester/Programmieren I/Nicht zugeordnet/Uebungen/P1_Unbekannt_Zeit-unbekannt_UE_V03_Artikelbestand.alpha-Philipp-H.zip
Medieninformatik Bachelor/01. Semester/Programmieren I/Nicht zugeordnet/Uebungen/Artikelbestand.alpha2 (Philipp H).zip	Medieninformatik Bachelor/01. Semester/Programmieren I/Nicht zugeordnet/Uebungen/P1_Unbekannt_Zeit-unbekannt_UE_V04_Artikelbestand.alpha2-Philipp-H.zip
Medieninformatik Bachelor/01. Semester/Programmieren I/Nicht zugeordnet/Uebungen/Artikelbestand.zip	Medieninformatik Bachelor/01. Semester/Programmieren I/Nicht zugeordnet/Uebungen/P1_Unbekannt_Zeit-unbekannt_UE_V05_Artikelbestand.zip
Medieninformatik Bachelor/01. Semester/Programmieren I/Nicht zugeordnet/Uebungen/Buch-Aufgabe (Philipp H).zip	Medieninformatik Bachelor/01. Semester/Programmieren I/Nicht zugeordnet/Uebungen/P1_Unbekannt_Zeit-unbekannt_UE_V06_Buch-Aufgabe-Philipp-H.zip
Medieninformatik Bachelor/01. Semester/Programmieren I/Nicht zugeordnet/Uebungen/UBG_4_1 (Philipp H).zip	Medieninformatik Bachelor/01. Semester/Programmieren I/Nicht zugeordnet/Uebungen/P1_Unbekannt_Zeit-unbekannt_UE_V07_UBG-4-1-Philipp-H.zip
Medieninformatik Bachelor/01. Semester/Programmieren I/Nicht zugeordnet/Uebungen/UBG_6_1 (Philipp H).zip	Medieninformatik Bachelor/01. Semester/Programmieren I/Nicht zugeordnet/Uebungen/P1_Unbekannt_Zeit-unbekannt_UE_V08_UBG-6-1-Philipp-H.zip
Medieninformatik Bachelor/01. Semester/Programmieren I/Nicht zugeordnet/Uebungen/UBG_7_2ZIP.zip	Medieninformatik Bachelor/01. Semester/Programmieren I/Nicht zugeordnet/Uebungen/P1_Unbekannt_Zeit-unbekannt_UE_V09_UBG-7-2ZIP.zip
Medieninformatik Bachelor/01. Semester/Programmieren I/Nicht zugeordnet/Uebungen/Verein.beta0.1 (Philipp H).zip	Medieninformatik Bachelor/01. Semester/Programmieren I/Nicht zugeordnet/Uebungen/P1_Unbekannt_Zeit-unbekannt_UE_V10_Verein.beta0.1-Philipp-H.zip
Medieninformatik Bachelor/01. Semester/Programmieren I/Nicht zugeordnet/Uebungen/Zahlworte (Philipp H).zip	Medieninformatik Bachelor/01. Semester/Programmieren I/Nicht zugeordnet/Uebungen/P1_Unbekannt_Zeit-unbekannt_UE_V11_Zahlworte-Philipp-H.zip
Medieninformatik Bachelor/01. Semester/Programmieren I/Nicht zugeordnet/Uebungen/Zeitanzeige (Philipp H).zip	Medieninformatik Bachelor/01. Semester/Programmieren I/Nicht zugeordnet/Uebungen/P1_Unbekannt_Zeit-unbekannt_UE_V12_Zeitanzeige-Philipp-H.zip
Medieninformatik Bachelor/01. Semester/Programmieren I/Pavlista/Klausuren/PR1 Pavlista SS06.pdf	Medieninformatik Bachelor/01. Semester/Programmieren I/Pavlista/Klausuren/P1_Pavlista_SS06_K_V01.pdf
Medieninformatik Bachelor/01. Semester/Programmieren I/Pavlista/Klausuren/Pavlista - 2006-SS - 1.pdf	Medieninformatik Bachelor/01. Semester/Programmieren I/Pavlista/Klausuren/P1_Pavlista_SS06_K_V02.pdf
Medieninformatik Bachelor/01. Semester/Programmieren I/Reisin/Klausuren/PR1 Reisin SS06.pdf	Medieninformatik Bachelor/01. Semester/Programmieren I/Reisin/Klausuren/P1_Reisin_SS06_K_V01.pdf
Medieninformatik Bachelor/01. Semester/Programmieren I/Reisin/Klausuren/Reisin - 2006-SS - 1.pdf	Medieninformatik Bachelor/01. Semester/Programmieren I/Reisin/Klausuren/P1_Reisin_SS06_K_V02.pdf
Medieninformatik Bachelor/01. Semester/Programmieren I/Schimkat/Klausuren/PR1 Schimkat WS0809.pdf	Medieninformatik Bachelor/01. Semester/Programmieren I/Schimkat/Klausuren/P1_Schimkat_WS08-09_K_V01.pdf
Medieninformatik Bachelor/01. Semester/Programmieren I/Schimkat/Klausuren/PR1 Schimkat WS0910.pdf	Medieninformatik Bachelor/01. Semester/Programmieren I/Schimkat/Klausuren/P1_Schimkat_WS09-10_K_V01.pdf
Medieninformatik Bachelor/01. Semester/Programmieren I/Schimkat/Klausuren/PR1 Schimkat WS1617.pdf	Medieninformatik Bachelor/01. Semester/Programmieren I/Schimkat/Klausuren/P1_Schimkat_WS16-17_K_V01.pdf
Medieninformatik Bachelor/01. Semester/Programmieren I/Schimkat/Klausuren/PROG1_Klausur_Schimkat_2016.pdf	Medieninformatik Bachelor/01. Semester/Programmieren I/Schimkat/Klausuren/P1_Schimkat_Zeit-unbekannt_K_V01.pdf
Medieninformatik Bachelor/01. Semester/Programmieren I/Schimkat/Klausuren/Schimkat - 2007-WS - 1.pdf	Medieninformatik Bachelor/01. Semester/Programmieren I/Schimkat/Klausuren/P1_Schimkat_WS07-08_K_V01.pdf
Medieninformatik Bachelor/01. Semester/Programmieren I/Schimkat/Klausuren/Schimkat - 2009-WS - 1.pdf	Medieninformatik Bachelor/01. Semester/Programmieren I/Schimkat/Klausuren/P1_Schimkat_WS09-10_K_V02.pdf
Medieninformatik Bachelor/01. Semester/Programmieren I/Schimkat/Klausuren/Schimkat - 2015-WS - 1.pdf	Medieninformatik Bachelor/01. Semester/Programmieren I/Schimkat/Klausuren/P1_Schimkat_WS15-16_K_V01.pdf
Medieninformatik Bachelor/01. Semester/Programmieren I/Schimkat/Klausuren/Schimkat - 2017-WS - 1.pdf	Medieninformatik Bachelor/01. Semester/Programmieren I/Schimkat/Klausuren/P1_Schimkat_WS17-18_K_V01.pdf
Medieninformatik Bachelor/01. Semester/Programmieren I/Schimkat/Klausuren/Schimkat_SoSe_21.pdf	Medieninformatik Bachelor/01. Semester/Programmieren I/Schimkat/Klausuren/P1_Schimkat_SS21_K_V01.pdf
Medieninformatik Bachelor/01. Semester/Programmieren I/Schmiedecke/Klausuren/Schmiedecke - 2014-WS - 1.pdf	Medieninformatik Bachelor/01. Semester/Programmieren I/Schmiedecke/Klausuren/P1_Schmiedecke_WS14-15_K_V01.pdf
Medieninformatik Bachelor/01. Semester/Programmieren I/Schmiedecke/Klausuren/Schmiedecke - 2014-WS - 2.pdf	Medieninformatik Bachelor/01. Semester/Programmieren I/Schmiedecke/Klausuren/P1_Schmiedecke_WS14-15_K_V02.pdf
Medieninformatik Bachelor/01. Semester/Programmieren I/Schmiedecke/Klausuren/Schmiedecke - 2015-WS - 1.pdf	Medieninformatik Bachelor/01. Semester/Programmieren I/Schmiedecke/Klausuren/P1_Schmiedecke_WS15-16_K_V01.pdf
Medieninformatik Bachelor/01. Semester/Programmieren I/Schmiedecke/Klausuren/Schmiedecke_14.pdf	Medieninformatik Bachelor/01. Semester/Programmieren I/Schmiedecke/Klausuren/P1_Schmiedecke_Zeit-unbekannt_K_V01.pdf
Medieninformatik Bachelor/01. Semester/Programmieren I/Schmiedecke/Klausuren/Schmiedecke_14_ue.pdf	Medieninformatik Bachelor/01. Semester/Programmieren I/Schmiedecke/Klausuren/P1_Schmiedecke_Zeit-unbekannt_K_V02.pdf
Medieninformatik Bachelor/01. Semester/Programmieren I/Schmiedecke/Klausuren/Schmiedecke_WS15_16_mitLösungen.pdf	Medieninformatik Bachelor/01. Semester/Programmieren I/Schmiedecke/Klausuren/P1_Schmiedecke_WS15-16_K_V02_L.pdf
Medieninformatik Bachelor/01. Semester/Programmieren I/Steppat/Klausuren/PR1 Steppat SS 16.pdf	Medieninformatik Bachelor/01. Semester/Programmieren I/Steppat/Klausuren/P1_Steppat_SS16_K_V01.pdf
Medieninformatik Bachelor/01. Semester/Programmieren I/Steppat/Klausuren/Steppat - 2016-SS - 1.pdf	Medieninformatik Bachelor/01. Semester/Programmieren I/Steppat/Klausuren/P1_Steppat_SS16_K_V02.pdf
Medieninformatik Bachelor/01. Semester/Programmieren I/Strippgen/Klausuren/PROG I Strippgen WiSe2015.pdf	Medieninformatik Bachelor/01. Semester/Programmieren I/Strippgen/Klausuren/P1_Strippgen_WS15-16_K_V01.pdf
Medieninformatik Bachelor/01. Semester/Programmieren I/Strippgen/Klausuren/PROG1 Strippgen SS11.pdf	Medieninformatik Bachelor/01. Semester/Programmieren I/Strippgen/Klausuren/P1_Strippgen_SS11_K_V01.pdf
Medieninformatik Bachelor/01. Semester/Programmieren I/Strippgen/Klausuren/PROG1 Strippgen SS11_ohne Lösungen.pdf	Medieninformatik Bachelor/01. Semester/Programmieren I/Strippgen/Klausuren/P1_Strippgen_SS11_K_V02_blanko.pdf
Medieninformatik Bachelor/01. Semester/Programmieren I/Strippgen/Klausuren/Prog I Klausur WS 2011-2012.pdf	Medieninformatik Bachelor/01. Semester/Programmieren I/Strippgen/Klausuren/P1_Strippgen_WS11-12_K_V01.pdf
Medieninformatik Bachelor/01. Semester/Programmieren I/Strippgen/Klausuren/Prog I Klausur.pdf	Medieninformatik Bachelor/01. Semester/Programmieren I/Strippgen/Klausuren/P1_Strippgen_Zeit-unbekannt_K_V01.pdf
Medieninformatik Bachelor/01. Semester/Programmieren I/Strippgen/Klausuren/Strippgen - 2011-SS - 1.pdf	Medieninformatik Bachelor/01. Semester/Programmieren I/Strippgen/Klausuren/P1_Strippgen_SS11_K_V03.pdf
Medieninformatik Bachelor/01. Semester/Programmieren I/Strippgen/Klausuren/Strippgen - 2011-SS - 2.pdf	Medieninformatik Bachelor/01. Semester/Programmieren I/Strippgen/Klausuren/P1_Strippgen_SS11_K_V04.pdf
Medieninformatik Bachelor/01. Semester/Programmieren I/Strippgen/Klausuren/Strippgen - 2011-WS - 1.pdf	Medieninformatik Bachelor/01. Semester/Programmieren I/Strippgen/Klausuren/P1_Strippgen_WS11-12_K_V02.pdf
Medieninformatik Bachelor/01. Semester/Programmieren I/Strippgen/Klausuren/Strippgen - 2012-WS - 1.pdf	Medieninformatik Bachelor/01. Semester/Programmieren I/Strippgen/Klausuren/P1_Strippgen_WS12-13_K_V01.pdf
Medieninformatik Bachelor/01. Semester/Programmieren I/Strippgen/Klausuren/Strippgen - 2015-WS - 1.pdf	Medieninformatik Bachelor/01. Semester/Programmieren I/Strippgen/Klausuren/P1_Strippgen_WS15-16_K_V02.pdf
Medieninformatik Bachelor/01. Semester/Programmieren I/Strippgen/Klausuren/Strippgen - XXXXWS - 1.pdf	Medieninformatik Bachelor/01. Semester/Programmieren I/Strippgen/Klausuren/P1_Strippgen_Zeit-unbekannt_K_V02.pdf
Medieninformatik Bachelor/01. Semester/Programmieren I/Strippgen/Klausuren/WS1213 - Seite 13_3.jpg	Medieninformatik Bachelor/01. Semester/Programmieren I/Strippgen/Klausuren/P1_Strippgen_WS12-13_K_V02_S13.jpg
Medieninformatik Bachelor/01. Semester/Programmieren I/Strippgen/Klausuren/WS1213 - Seite 13_4.jpg	Medieninformatik Bachelor/01. Semester/Programmieren I/Strippgen/Klausuren/P1_Strippgen_WS12-13_K_V03_S13.jpg
Medieninformatik Bachelor/01. Semester/Programmieren I/Strippgen/Klausuren/WS1213 - Seite 15_2.jpg	Medieninformatik Bachelor/01. Semester/Programmieren I/Strippgen/Klausuren/P1_Strippgen_WS12-13_K_V04_S15.jpg
Medieninformatik Bachelor/01. Semester/Programmieren I/Strippgen/Klausuren/WS1213 - Seite 2.jpg	Medieninformatik Bachelor/01. Semester/Programmieren I/Strippgen/Klausuren/P1_Strippgen_WS12-13_K_V05_S02.jpg
Medieninformatik Bachelor/01. Semester/Programmieren I/Strippgen/Klausuren/WS1213 - Seite 2_1.jpg	Medieninformatik Bachelor/01. Semester/Programmieren I/Strippgen/Klausuren/P1_Strippgen_WS12-13_K_V06_S02.jpg
Medieninformatik Bachelor/01. Semester/Programmieren I/Strippgen/Klausuren/WS1213 - Seite 3.jpg	Medieninformatik Bachelor/01. Semester/Programmieren I/Strippgen/Klausuren/P1_Strippgen_WS12-13_K_V07_S03.jpg
Medieninformatik Bachelor/01. Semester/Programmieren I/Strippgen/Klausuren/WS1213 - Seite 3_2.jpg	Medieninformatik Bachelor/01. Semester/Programmieren I/Strippgen/Klausuren/P1_Strippgen_WS12-13_K_V08_S03.jpg
Medieninformatik Bachelor/01. Semester/Programmieren I/Strippgen/Klausuren/WS1213 - Seite 4_2.jpg	Medieninformatik Bachelor/01. Semester/Programmieren I/Strippgen/Klausuren/P1_Strippgen_WS12-13_K_V09_S04.jpg
Medieninformatik Bachelor/01. Semester/Programmieren I/Strippgen/Klausuren/WS1213 - Seite 5.jpg	Medieninformatik Bachelor/01. Semester/Programmieren I/Strippgen/Klausuren/P1_Strippgen_WS12-13_K_V10_S05.jpg
Medieninformatik Bachelor/01. Semester/Programmieren I/Strippgen/Klausuren/WS1213 - Seite 7.jpg	Medieninformatik Bachelor/01. Semester/Programmieren I/Strippgen/Klausuren/P1_Strippgen_WS12-13_K_V11_S07.jpg
Medieninformatik Bachelor/01. Semester/Programmieren I/Strippgen/Klausuren/WS1213 - Seite 9.jpg	Medieninformatik Bachelor/01. Semester/Programmieren I/Strippgen/Klausuren/P1_Strippgen_WS12-13_K_V12_S09.jpg
Medieninformatik Bachelor/01. Semester/Programmieren I/Strippgen/Probeklausuren/PROG1_Strippgen_SS11_2ter_Pruefungszeitraum_mitLoesung (Beispielklausur) (In Konflikt stehende Kopie von Chant S. 2013-02-06).pdf	Medieninformatik Bachelor/01. Semester/Programmieren I/Strippgen/Probeklausuren/P1_Strippgen_SS11_PK_V01_L.pdf
Medieninformatik Bachelor/01. Semester/Programmieren I/Strippgen/Probeklausuren/PROG1_Strippgen_SS11_2ter_Pruefungszeitraum_mitLoesung (Beispielklausur).pdf	Medieninformatik Bachelor/01. Semester/Programmieren I/Strippgen/Probeklausuren/P1_Strippgen_SS11_PK_V02_L.pdf
Medieninformatik Bachelor/01. Semester/Programmieren I/Strippgen/Testate/Prog 1 Tests 2011 - Prog1_Strippgen_2011_Test1-6.pdf	Medieninformatik Bachelor/01. Semester/Programmieren I/Strippgen/Testate/P1_Strippgen_Zeit-unbekannt_T_V01.pdf
Medieninformatik Bachelor/01. Semester/Programmieren I/Troeger/Klausuren/Troeger - 2019-SS - 1.pdf	Medieninformatik Bachelor/01. Semester/Programmieren I/Troeger/Klausuren/P1_Troeger_SS19_K_V01.pdf
Medieninformatik Bachelor/01. Semester/Technische Grundlagen der Informatik/Linnemann/Klausuren/Klausur_TGI_17.07.09_Tw.pdf	Medieninformatik Bachelor/01. Semester/Technische Grundlagen der Informatik/Linnemann/Klausuren/TGI_Linnemann_Zeit-unbekannt_K_V01.pdf
Medieninformatik Bachelor/01. Semester/Technische Grundlagen der Informatik/Linnemann/Klausuren/Linnemann - 2006-SS - 1.pdf	Medieninformatik Bachelor/01. Semester/Technische Grundlagen der Informatik/Linnemann/Klausuren/TGI_Linnemann_SS06_K_V01.pdf
Medieninformatik Bachelor/01. Semester/Technische Grundlagen der Informatik/Linnemann/Klausuren/Linnemann - 2006-SS - 2.pdf	Medieninformatik Bachelor/01. Semester/Technische Grundlagen der Informatik/Linnemann/Klausuren/TGI_Linnemann_SS06_K_V02.pdf
Medieninformatik Bachelor/01. Semester/Technische Grundlagen der Informatik/Linnemann/Klausuren/Linnemann - 2007-SS - 1.pdf	Medieninformatik Bachelor/01. Semester/Technische Grundlagen der Informatik/Linnemann/Klausuren/TGI_Linnemann_SS07_K_V01.pdf
Medieninformatik Bachelor/01. Semester/Technische Grundlagen der Informatik/Linnemann/Klausuren/Linnemann - 2008-WS - 1.pdf	Medieninformatik Bachelor/01. Semester/Technische Grundlagen der Informatik/Linnemann/Klausuren/TGI_Linnemann_WS08-09_K_V01.pdf
Medieninformatik Bachelor/01. Semester/Technische Grundlagen der Informatik/Linnemann/Klausuren/Linnemann - 2009-SS - 1.pdf	Medieninformatik Bachelor/01. Semester/Technische Grundlagen der Informatik/Linnemann/Klausuren/TGI_Linnemann_SS09_K_V01.pdf
Medieninformatik Bachelor/01. Semester/Technische Grundlagen der Informatik/Linnemann/Klausuren/Linnemann - 2009-SS - 2.pdf	Medieninformatik Bachelor/01. Semester/Technische Grundlagen der Informatik/Linnemann/Klausuren/TGI_Linnemann_SS09_K_V02.pdf
Medieninformatik Bachelor/01. Semester/Technische Grundlagen der Informatik/Linnemann/Klausuren/Linnemann - 2011-SS - 1.pdf	Medieninformatik Bachelor/01. Semester/Technische Grundlagen der Informatik/Linnemann/Klausuren/TGI_Linnemann_SS11_K_V01.pdf
Medieninformatik Bachelor/01. Semester/Technische Grundlagen der Informatik/Linnemann/Klausuren/Linnemann - 2011-WS - 1.pdf	Medieninformatik Bachelor/01. Semester/Technische Grundlagen der Informatik/Linnemann/Klausuren/TGI_Linnemann_WS11-12_K_V01.pdf
Medieninformatik Bachelor/01. Semester/Technische Grundlagen der Informatik/Linnemann/Klausuren/Linnemann - 2013-SS - 1.pdf	Medieninformatik Bachelor/01. Semester/Technische Grundlagen der Informatik/Linnemann/Klausuren/TGI_Linnemann_SS13_K_V01.pdf
Medieninformatik Bachelor/01. Semester/Technische Grundlagen der Informatik/Linnemann/Klausuren/Linnemann - 2016-SS - 1.pdf	Medieninformatik Bachelor/01. Semester/Technische Grundlagen der Informatik/Linnemann/Klausuren/TGI_Linnemann_SS16_K_V01.pdf
Medieninformatik Bachelor/01. Semester/Technische Grundlagen der Informatik/Linnemann/Klausuren/SS06 - Linnemann - TGI - Nachklausur.pdf	Medieninformatik Bachelor/01. Semester/Technische Grundlagen der Informatik/Linnemann/Klausuren/TGI_Linnemann_SS06_K_NK.pdf
Medieninformatik Bachelor/01. Semester/Technische Grundlagen der Informatik/Linnemann/Klausuren/SoSe2011.pdf	Medieninformatik Bachelor/01. Semester/Technische Grundlagen der Informatik/Linnemann/Klausuren/TGI_Linnemann_SS11_K_V02.pdf
Medieninformatik Bachelor/01. Semester/Technische Grundlagen der Informatik/Linnemann/Klausuren/TFH-Berlin-SS06-KLAUSUR-TGI-Heinz-Linnemann-Technische-Grundlagen-der-Informatik.pdf	Medieninformatik Bachelor/01. Semester/Technische Grundlagen der Informatik/Linnemann/Klausuren/TGI_Linnemann_SS06_K_V03.pdf
Medieninformatik Bachelor/01. Semester/Technische Grundlagen der Informatik/Linnemann/Klausuren/TGI Linnemann SS 16.pdf	Medieninformatik Bachelor/01. Semester/Technische Grundlagen der Informatik/Linnemann/Klausuren/TGI_Linnemann_SS16_K_V02.pdf
Medieninformatik Bachelor/01. Semester/Technische Grundlagen der Informatik/Linnemann/Klausuren/TGI Linnemann SS07.pdf	Medieninformatik Bachelor/01. Semester/Technische Grundlagen der Informatik/Linnemann/Klausuren/TGI_Linnemann_SS07_K_V02.pdf
Medieninformatik Bachelor/01. Semester/Technische Grundlagen der Informatik/Linnemann/Klausuren/TGI Linnemann WS 2011_12_1.pdf	Medieninformatik Bachelor/01. Semester/Technische Grundlagen der Informatik/Linnemann/Klausuren/TGI_Linnemann_WS11-12_K_V02.pdf
Medieninformatik Bachelor/01. Semester/Technische Grundlagen der Informatik/Linnemann/Klausuren/TGI Linnemann WS 2011_12_2.pdf	Medieninformatik Bachelor/01. Semester/Technische Grundlagen der Informatik/Linnemann/Klausuren/TGI_Linnemann_WS11-12_K_V03.pdf
Medieninformatik Bachelor/01. Semester/Technische Grundlagen der Informatik/Linnemann/Klausuren/TGI Linnemann WS08.pdf	Medieninformatik Bachelor/01. Semester/Technische Grundlagen der Informatik/Linnemann/Klausuren/TGI_Linnemann_WS08-09_K_V02.pdf
Medieninformatik Bachelor/01. Semester/Technische Grundlagen der Informatik/Linnemann/Klausuren/TGI_Linnemann_SS2013.pdf	Medieninformatik Bachelor/01. Semester/Technische Grundlagen der Informatik/Linnemann/Klausuren/TGI_Linnemann_SS13_K_V02.pdf
Medieninformatik Bachelor/01. Semester/Technische Grundlagen der Informatik/Linnemann/Klausuren/tgi 2009.pdf	Medieninformatik Bachelor/01. Semester/Technische Grundlagen der Informatik/Linnemann/Klausuren/TGI_Linnemann_Zeit-unbekannt_K_V02.pdf
Medieninformatik Bachelor/01. Semester/Technische Grundlagen der Informatik/Nicht zugeordnet/Lernhilfen/TGI-Lernzettel.pdf	Medieninformatik Bachelor/01. Semester/Technische Grundlagen der Informatik/Nicht zugeordnet/Lernhilfen/TGI_Unbekannt_Zeit-unbekannt_Z_V01_TGI-Lernzettel.pdf
Medieninformatik Bachelor/01. Semester/Technische Grundlagen der Informatik/Nicht zugeordnet/Lernhilfen/tgi_Zusammenfassung.pdf	Medieninformatik Bachelor/01. Semester/Technische Grundlagen der Informatik/Nicht zugeordnet/Lernhilfen/TGI_Unbekannt_Zeit-unbekannt_Z_V02_tgi-Zusammenfassung.pdf
Medieninformatik Bachelor/01. Semester/Technische Grundlagen der Informatik/Nicht zugeordnet/Lernhilfen/tgi_Zusammenfassung2.pdf	Medieninformatik Bachelor/01. Semester/Technische Grundlagen der Informatik/Nicht zugeordnet/Lernhilfen/TGI_Unbekannt_Zeit-unbekannt_Z_V03_tgi-Zusammenfassung2.pdf
Medieninformatik Bachelor/01. Semester/Technische Grundlagen der Informatik/Nicht zugeordnet/Literatur/Axel Böttcher - Rechneraufbau und Rechnerarchitektur.pdf	Medieninformatik Bachelor/01. Semester/Technische Grundlagen der Informatik/Nicht zugeordnet/Literatur/TGI_Unbekannt_Zeit-unbekannt_LIT_V01_Axel-Boettcher---Rechneraufbau-und-Rechnerarchitektur.pdf
Medieninformatik Bachelor/01. Semester/Technische Grundlagen der Informatik/Steppat/Klausuren/Steppat - 2021-SS - blanko.pdf	Medieninformatik Bachelor/01. Semester/Technische Grundlagen der Informatik/Steppat/Klausuren/TGI_Steppat_SS21_K_V01_blanko.pdf
Medieninformatik Bachelor/01. Semester/Technische Grundlagen der Informatik/Steppat/Klausuren/Steppat - 2022-WS - 1_PZ.pdf	Medieninformatik Bachelor/01. Semester/Technische Grundlagen der Informatik/Steppat/Klausuren/TGI_Steppat_WS22-23_K_PZ1.pdf
Medieninformatik Bachelor/01. Semester/Technische Grundlagen der Informatik/Wolff/Klausuren/TGI WOLFF 2015.pdf	Medieninformatik Bachelor/01. Semester/Technische Grundlagen der Informatik/Wolff/Klausuren/TGI_Wolff_Zeit-unbekannt_K_V01.pdf
Medieninformatik Bachelor/01. Semester/Technische Grundlagen der Informatik/Wolff/Klausuren/TGI Wolff SS2016.pdf	Medieninformatik Bachelor/01. Semester/Technische Grundlagen der Informatik/Wolff/Klausuren/TGI_Wolff_SS16_K_V01.pdf
Medieninformatik Bachelor/01. Semester/Technische Grundlagen der Informatik/Wolff/Klausuren/TGI Wolff WS05.pdf	Medieninformatik Bachelor/01. Semester/Technische Grundlagen der Informatik/Wolff/Klausuren/TGI_Wolff_WS05-06_K_V01.pdf
Medieninformatik Bachelor/01. Semester/Technische Grundlagen der Informatik/Wolff/Klausuren/TGI Wolff WS06.pdf	Medieninformatik Bachelor/01. Semester/Technische Grundlagen der Informatik/Wolff/Klausuren/TGI_Wolff_WS06-07_K_V01.pdf
Medieninformatik Bachelor/01. Semester/Technische Grundlagen der Informatik/Wolff/Klausuren/TGI Wolff WS07.pdf	Medieninformatik Bachelor/01. Semester/Technische Grundlagen der Informatik/Wolff/Klausuren/TGI_Wolff_WS07-08_K_V01.pdf
Medieninformatik Bachelor/01. Semester/Technische Grundlagen der Informatik/Wolff/Klausuren/TGI Wolff WS0910.pdf	Medieninformatik Bachelor/01. Semester/Technische Grundlagen der Informatik/Wolff/Klausuren/TGI_Wolff_WS09-10_K_V01.pdf
Medieninformatik Bachelor/01. Semester/Technische Grundlagen der Informatik/Wolff/Klausuren/TGI Wolff WS1617.pdf	Medieninformatik Bachelor/01. Semester/Technische Grundlagen der Informatik/Wolff/Klausuren/TGI_Wolff_WS16-17_K_V01.pdf
Medieninformatik Bachelor/01. Semester/Technische Grundlagen der Informatik/Wolff/Klausuren/Tgi-Klausur-2011.pdf	Medieninformatik Bachelor/01. Semester/Technische Grundlagen der Informatik/Wolff/Klausuren/TGI_Wolff_Zeit-unbekannt_K_V02.pdf
Medieninformatik Bachelor/01. Semester/Technische Grundlagen der Informatik/Wolff/Klausuren/Wolff - 2005-WS - 1.pdf	Medieninformatik Bachelor/01. Semester/Technische Grundlagen der Informatik/Wolff/Klausuren/TGI_Wolff_WS05-06_K_V02.pdf
Medieninformatik Bachelor/01. Semester/Technische Grundlagen der Informatik/Wolff/Klausuren/Wolff - 2006-WS - 1.pdf	Medieninformatik Bachelor/01. Semester/Technische Grundlagen der Informatik/Wolff/Klausuren/TGI_Wolff_WS06-07_K_V02.pdf
Medieninformatik Bachelor/01. Semester/Technische Grundlagen der Informatik/Wolff/Klausuren/Wolff - 2007-WS - 1.pdf	Medieninformatik Bachelor/01. Semester/Technische Grundlagen der Informatik/Wolff/Klausuren/TGI_Wolff_WS07-08_K_V02.pdf
Medieninformatik Bachelor/01. Semester/Technische Grundlagen der Informatik/Wolff/Klausuren/Wolff - 2009-WS - 1.pdf	Medieninformatik Bachelor/01. Semester/Technische Grundlagen der Informatik/Wolff/Klausuren/TGI_Wolff_WS09-10_K_V02.pdf
Medieninformatik Bachelor/01. Semester/Technische Grundlagen der Informatik/Wolff/Klausuren/Wolff - 2010-WS - 1.pdf	Medieninformatik Bachelor/01. Semester/Technische Grundlagen der Informatik/Wolff/Klausuren/TGI_Wolff_WS10-11_K_V01.pdf
Medieninformatik Bachelor/01. Semester/Technische Grundlagen der Informatik/Wolff/Klausuren/Wolff - 2015-SS - 1.pdf	Medieninformatik Bachelor/01. Semester/Technische Grundlagen der Informatik/Wolff/Klausuren/TGI_Wolff_SS15_K_V01.pdf
Medieninformatik Bachelor/01. Semester/Technische Grundlagen der Informatik/Wolff/Klausuren/Wolff - 2016-SS - 1.pdf	Medieninformatik Bachelor/01. Semester/Technische Grundlagen der Informatik/Wolff/Klausuren/TGI_Wolff_SS16_K_V02.pdf
Medieninformatik Bachelor/01. Semester/Technische Grundlagen der Informatik/Wolff/Klausuren/Wolff - 2016-WS - 1.pdf	Medieninformatik Bachelor/01. Semester/Technische Grundlagen der Informatik/Wolff/Klausuren/TGI_Wolff_WS16-17_K_V02.pdf
Medieninformatik Bachelor/01. Semester/Technische Grundlagen der Informatik/Wolff/Klausuren/Wolff - 2023-WS - 1.pdf	Medieninformatik Bachelor/01. Semester/Technische Grundlagen der Informatik/Wolff/Klausuren/TGI_Wolff_WS23-24_K_V01.pdf
Medieninformatik Bachelor/01. Semester/Technische Grundlagen der Informatik/Wolff/Klausuren/Wolff - 2024-SS - 1_PZ.pdf	Medieninformatik Bachelor/01. Semester/Technische Grundlagen der Informatik/Wolff/Klausuren/TGI_Wolff_SS24_K_PZ1.pdf
Medieninformatik Bachelor/02. Semester/Algorithmen und Datenstrukturen/Biehler/Klausuren/Biehler - 2014-WS - 1.pdf	Medieninformatik Bachelor/02. Semester/Algorithmen und Datenstrukturen/Biehler/Klausuren/AuD_Biehler_WS14-15_K_V01.pdf
Medieninformatik Bachelor/02. Semester/Algorithmen und Datenstrukturen/Biehler/Klausuren/Biehler - 2015-WS - 1.pdf	Medieninformatik Bachelor/02. Semester/Algorithmen und Datenstrukturen/Biehler/Klausuren/AuD_Biehler_WS15-16_K_V01.pdf
Medieninformatik Bachelor/02. Semester/Algorithmen und Datenstrukturen/Boehler/Klausuren/1_Altklausur - #previews.dropbox.com.url	Medieninformatik Bachelor/02. Semester/Algorithmen und Datenstrukturen/Boehler/Klausuren/AuD_Boehler_Zeit-unbekannt_K_V01.url
Medieninformatik Bachelor/02. Semester/Algorithmen und Datenstrukturen/Boehler/Klausuren/1_Altklausur - 1.JPG	Medieninformatik Bachelor/02. Semester/Algorithmen und Datenstrukturen/Boehler/Klausuren/AuD_Boehler_Zeit-unbekannt_K_V02.jpg
Medieninformatik Bachelor/02. Semester/Algorithmen und Datenstrukturen/Boehler/Klausuren/1_Altklausur - 2.JPG	Medieninformatik Bachelor/02. Semester/Algorithmen und Datenstrukturen/Boehler/Klausuren/AuD_Boehler_Zeit-unbekannt_K_V03.jpg
Medieninformatik Bachelor/02. Semester/Algorithmen und Datenstrukturen/Boehler/Klausuren/1_Altklausur - 3.JPG	Medieninformatik Bachelor/02. Semester/Algorithmen und Datenstrukturen/Boehler/Klausuren/AuD_Boehler_Zeit-unbekannt_K_V04.jpg
Medieninformatik Bachelor/02. Semester/Algorithmen und Datenstrukturen/Boehler/Klausuren/1_Altklausur - 4.JPG	Medieninformatik Bachelor/02. Semester/Algorithmen und Datenstrukturen/Boehler/Klausuren/AuD_Boehler_Zeit-unbekannt_K_V05.jpg
Medieninformatik Bachelor/02. Semester/Algorithmen und Datenstrukturen/Boehler/Klausuren/1_Altklausur - 5.JPG	Medieninformatik Bachelor/02. Semester/Algorithmen und Datenstrukturen/Boehler/Klausuren/AuD_Boehler_Zeit-unbekannt_K_V06.jpg
Medieninformatik Bachelor/02. Semester/Algorithmen und Datenstrukturen/Boehler/Klausuren/1_Altklausur - 6.JPG	Medieninformatik Bachelor/02. Semester/Algorithmen und Datenstrukturen/Boehler/Klausuren/AuD_Boehler_Zeit-unbekannt_K_V07.jpg
Medieninformatik Bachelor/02. Semester/Algorithmen und Datenstrukturen/Boehler/Klausuren/1_Altklausur - photos-4.dropbox.com.url	Medieninformatik Bachelor/02. Semester/Algorithmen und Datenstrukturen/Boehler/Klausuren/AuD_Boehler_Zeit-unbekannt_K_V08.url
Medieninformatik Bachelor/02. Semester/Algorithmen und Datenstrukturen/Boehler/Klausuren/1_Altklausur - photos-5.dropbox.com.url	Medieninformatik Bachelor/02. Semester/Algorithmen und Datenstrukturen/Boehler/Klausuren/AuD_Boehler_Zeit-unbekannt_K_V09.url
Medieninformatik Bachelor/02. Semester/Algorithmen und Datenstrukturen/Boehler/Klausuren/2_Altklausur - 2.1.JPG	Medieninformatik Bachelor/02. Semester/Algorithmen und Datenstrukturen/Boehler/Klausuren/AuD_Boehler_Zeit-unbekannt_K_V10.jpg
Medieninformatik Bachelor/02. Semester/Algorithmen und Datenstrukturen/Boehler/Klausuren/2_Altklausur - 2.2.JPG	Medieninformatik Bachelor/02. Semester/Algorithmen und Datenstrukturen/Boehler/Klausuren/AuD_Boehler_Zeit-unbekannt_K_V11.jpg
Medieninformatik Bachelor/02. Semester/Algorithmen und Datenstrukturen/Boehler/Klausuren/2_Altklausur - 2.3.JPG	Medieninformatik Bachelor/02. Semester/Algorithmen und Datenstrukturen/Boehler/Klausuren/AuD_Boehler_Zeit-unbekannt_K_V12.jpg
Medieninformatik Bachelor/02. Semester/Algorithmen und Datenstrukturen/Boehler/Klausuren/2_Altklausur - 2.4.JPG	Medieninformatik Bachelor/02. Semester/Algorithmen und Datenstrukturen/Boehler/Klausuren/AuD_Boehler_Zeit-unbekannt_K_V13.jpg
Medieninformatik Bachelor/02. Semester/Algorithmen und Datenstrukturen/Boehler/Klausuren/2_Altklausur - 2.5.JPG	Medieninformatik Bachelor/02. Semester/Algorithmen und Datenstrukturen/Boehler/Klausuren/AuD_Boehler_Zeit-unbekannt_K_V14.jpg
Medieninformatik Bachelor/02. Semester/Algorithmen und Datenstrukturen/Boehler/Klausuren/2_Altklausur - 2.6.JPG	Medieninformatik Bachelor/02. Semester/Algorithmen und Datenstrukturen/Boehler/Klausuren/AuD_Boehler_Zeit-unbekannt_K_V15.jpg
Medieninformatik Bachelor/02. Semester/Algorithmen und Datenstrukturen/Boehler/Klausuren/Algo_Bîhler_SS 15 - 01.jpg	Medieninformatik Bachelor/02. Semester/Algorithmen und Datenstrukturen/Boehler/Klausuren/AuD_Boehler_Zeit-unbekannt_K_V16.jpg
Medieninformatik Bachelor/02. Semester/Algorithmen und Datenstrukturen/Boehler/Klausuren/Algo_Bîhler_SS 15 - 02.jpg	Medieninformatik Bachelor/02. Semester/Algorithmen und Datenstrukturen/Boehler/Klausuren/AuD_Boehler_Zeit-unbekannt_K_V17.jpg
Medieninformatik Bachelor/02. Semester/Algorithmen und Datenstrukturen/Boehler/Klausuren/Algo_Bîhler_SS 15 - 03.jpg	Medieninformatik Bachelor/02. Semester/Algorithmen und Datenstrukturen/Boehler/Klausuren/AuD_Boehler_Zeit-unbekannt_K_V18.jpg
Medieninformatik Bachelor/02. Semester/Algorithmen und Datenstrukturen/Boehler/Klausuren/Algo_Bîhler_SS 15 - 04.1.jpg	Medieninformatik Bachelor/02. Semester/Algorithmen und Datenstrukturen/Boehler/Klausuren/AuD_Boehler_Zeit-unbekannt_K_V19.jpg
Medieninformatik Bachelor/02. Semester/Algorithmen und Datenstrukturen/Boehler/Klausuren/Algo_Bîhler_SS 15 - 04.2.jpg	Medieninformatik Bachelor/02. Semester/Algorithmen und Datenstrukturen/Boehler/Klausuren/AuD_Boehler_Zeit-unbekannt_K_V20.jpg
Medieninformatik Bachelor/02. Semester/Algorithmen und Datenstrukturen/Boehler/Klausuren/Algo_Bîhler_SS 15 - 05.1.jpg	Medieninformatik Bachelor/02. Semester/Algorithmen und Datenstrukturen/Boehler/Klausuren/AuD_Boehler_Zeit-unbekannt_K_V21.jpg
Medieninformatik Bachelor/02. Semester/Algorithmen und Datenstrukturen/Boehler/Klausuren/Algo_Bîhler_SS 15 - 05.2.jpg	Medieninformatik Bachelor/02. Semester/Algorithmen und Datenstrukturen/Boehler/Klausuren/AuD_Boehler_Zeit-unbekannt_K_V22.jpg
Medieninformatik Bachelor/02. Semester/Algorithmen und Datenstrukturen/Boehler/Klausuren/Algo_Bîhler_SS 15 - photos-4.dropbox.com.url	Medieninformatik Bachelor/02. Semester/Algorithmen und Datenstrukturen/Boehler/Klausuren/AuD_Boehler_SS15_K_V01.url
Medieninformatik Bachelor/02. Semester/Algorithmen und Datenstrukturen/Boehler/Klausuren/Algo_Bîhler_SS 15 - photos-5.dropbox.com.url	Medieninformatik Bachelor/02. Semester/Algorithmen und Datenstrukturen/Boehler/Klausuren/AuD_Boehler_SS15_K_V02.url
Medieninformatik Bachelor/02. Semester/Algorithmen und Datenstrukturen/Boehler/Klausuren/Algorithmen2_Bîhler_WS1415.pdf	Medieninformatik Bachelor/02. Semester/Algorithmen und Datenstrukturen/Boehler/Klausuren/AuD_Boehler_WS14-15_K_V01.pdf
Medieninformatik Bachelor/02. Semester/Algorithmen und Datenstrukturen/Boehler/Klausuren/Boehler - XXXXWS - 1.pdf	Medieninformatik Bachelor/02. Semester/Algorithmen und Datenstrukturen/Boehler/Klausuren/AuD_Boehler_Zeit-unbekannt_K_V23.pdf
Medieninformatik Bachelor/02. Semester/Algorithmen und Datenstrukturen/Boehler/Klausuren/Boehler - XXXXWS - 2.pdf	Medieninformatik Bachelor/02. Semester/Algorithmen und Datenstrukturen/Boehler/Klausuren/AuD_Boehler_Zeit-unbekannt_K_V24.pdf
Medieninformatik Bachelor/02. Semester/Algorithmen und Datenstrukturen/Grude/Klausuren/Algo_Grude_Lösungen_ersterTermin.pdf	Medieninformatik Bachelor/02. Semester/Algorithmen und Datenstrukturen/Grude/Klausuren/AuD_Grude_Zeit-unbekannt_K_V01_L.pdf
Medieninformatik Bachelor/02. Semester/Algorithmen und Datenstrukturen/Nicht zugeordnet/Klausuren/- 2015-SS - Test_5.pdf	Medieninformatik Bachelor/02. Semester/Algorithmen und Datenstrukturen/Nicht zugeordnet/Klausuren/AuD_Unbekannt_SS15_K_V01.pdf
Medieninformatik Bachelor/02. Semester/Algorithmen und Datenstrukturen/Nicht zugeordnet/Klausuren/Algo_Ripph_WS1617_PZ1_korrigiert.pdf	Medieninformatik Bachelor/02. Semester/Algorithmen und Datenstrukturen/Nicht zugeordnet/Klausuren/AuD_Unbekannt_WS16-17_K_PZ1_korr.pdf
Medieninformatik Bachelor/02. Semester/Algorithmen und Datenstrukturen/Nicht zugeordnet/Literatur/Algorithmen und Datenstrukturen - G. Pomberger, H. Dobler.pdf	Medieninformatik Bachelor/02. Semester/Algorithmen und Datenstrukturen/Nicht zugeordnet/Literatur/AuD_Unbekannt_Zeit-unbekannt_LIT_V01_Algorithmen-und-Datenstrukturen---G.-Pomberger-H.-Dobler.pdf
Medieninformatik Bachelor/02. Semester/Algorithmen und Datenstrukturen/Nicht zugeordnet/Literatur/Cormen,Leiserson,Rivest,Stein - Introduction to Algorithms.pdf	Medieninformatik Bachelor/02. Semester/Algorithmen und Datenstrukturen/Nicht zugeordnet/Literatur/AuD_Unbekannt_Zeit-unbekannt_LIT_V02_Cormen-Leiserson-Rivest-Stein---Introduction-to-Algorithms.pdf
Medieninformatik Bachelor/02. Semester/Algorithmen und Datenstrukturen/Nicht zugeordnet/Literatur/Data Structures and Algorithms in Java (Michael T. Goodrich).pdf	Medieninformatik Bachelor/02. Semester/Algorithmen und Datenstrukturen/Nicht zugeordnet/Literatur/AuD_Unbekannt_Zeit-unbekannt_LIT_V03_Data-Structures-and-Algorithms-in-Java-Michael-T.-Goodrich.pdf
Medieninformatik Bachelor/02. Semester/Algorithmen und Datenstrukturen/Nicht zugeordnet/Literatur/Grundkurs Algorithmen und Datenstrukturen in JAVA, 4. Auflage.pdf	Medieninformatik Bachelor/02. Semester/Algorithmen und Datenstrukturen/Nicht zugeordnet/Literatur/AuD_Unbekannt_Zeit-unbekannt_LIT_V04_Grundkurs-Algorithmen-und-Datenstrukturen-in-JAVA-4.-Auflage.pdf
Medieninformatik Bachelor/02. Semester/Algorithmen und Datenstrukturen/Nicht zugeordnet/Literatur/Kryptologie.pdf	Medieninformatik Bachelor/02. Semester/Algorithmen und Datenstrukturen/Nicht zugeordnet/Literatur/AuD_Unbekannt_Zeit-unbekannt_LIT_V05_Kryptologie.pdf
Medieninformatik Bachelor/02. Semester/Algorithmen und Datenstrukturen/Ripphausen/Klausuren/ALG Ripphausen WS07.pdf	Medieninformatik Bachelor/02. Semester/Algorithmen und Datenstrukturen/Ripphausen/Klausuren/AuD_Ripphausen_WS07-08_K_V01.pdf
Medieninformatik Bachelor/02. Semester/Algorithmen und Datenstrukturen/Ripphausen/Klausuren/Algorithmen_SS12_Ripphausen.pdf	Medieninformatik Bachelor/02. Semester/Algorithmen und Datenstrukturen/Ripphausen/Klausuren/AuD_Ripphausen_SS12_K_V01.pdf
Medieninformatik Bachelor/02. Semester/Algorithmen und Datenstrukturen/Ripphausen/Klausuren/Ripphausen - 2007-WS - 1.pdf	Medieninformatik Bachelor/02. Semester/Algorithmen und Datenstrukturen/Ripphausen/Klausuren/AuD_Ripphausen_WS07-08_K_V02.pdf
Medieninformatik Bachelor/02. Semester/Algorithmen und Datenstrukturen/Ripphausen/Klausuren/Ripphausen - 2008-SS - 1.pdf	Medieninformatik Bachelor/02. Semester/Algorithmen und Datenstrukturen/Ripphausen/Klausuren/AuD_Ripphausen_SS08_K_V01.pdf
Medieninformatik Bachelor/02. Semester/Algorithmen und Datenstrukturen/Ripphausen/Klausuren/Ripphausen - 2012-SS - 1.pdf	Medieninformatik Bachelor/02. Semester/Algorithmen und Datenstrukturen/Ripphausen/Klausuren/AuD_Ripphausen_SS12_K_V02.pdf
Medieninformatik Bachelor/02. Semester/Algorithmen und Datenstrukturen/Ripphausen/Klausuren/Ripphausen - 2016-WS - 1.pdf	Medieninformatik Bachelor/02. Semester/Algorithmen und Datenstrukturen/Ripphausen/Klausuren/AuD_Ripphausen_WS16-17_K_V01.pdf
Medieninformatik Bachelor/02. Semester/Algorithmen und Datenstrukturen/Ripphausen/Klausuren/Ripphausen - 2016-WS - 2.pdf	Medieninformatik Bachelor/02. Semester/Algorithmen und Datenstrukturen/Ripphausen/Klausuren/AuD_Ripphausen_WS16-17_K_V02.pdf
Medieninformatik Bachelor/02. Semester/Algorithmen und Datenstrukturen/Ripphausen/Klausuren/Ripphausen - 2016-WS - 3.pdf	Medieninformatik Bachelor/02. Semester/Algorithmen und Datenstrukturen/Ripphausen/Klausuren/AuD_Ripphausen_WS16-17_K_V03.pdf
Medieninformatik Bachelor/02. Semester/Algorithmen und Datenstrukturen/Ripphausen/Klausuren/SS08_ALG_Ripphausen-Lipa.pdf	Medieninformatik Bachelor/02. Semester/Algorithmen und Datenstrukturen/Ripphausen/Klausuren/AuD_Ripphausen_SS08_K_V02.pdf
Medieninformatik Bachelor/02. Semester/Algorithmen und Datenstrukturen/Schiele/Klausuren/ALG Schiele SS07.pdf	Medieninformatik Bachelor/02. Semester/Algorithmen und Datenstrukturen/Schiele/Klausuren/AuD_Schiele_SS07_K_V01.pdf
Medieninformatik Bachelor/02. Semester/Algorithmen und Datenstrukturen/Schiele/Klausuren/Schiele - 2007-SS - 1.pdf	Medieninformatik Bachelor/02. Semester/Algorithmen und Datenstrukturen/Schiele/Klausuren/AuD_Schiele_SS07_K_V02.pdf
Medieninformatik Bachelor/02. Semester/Algorithmen und Datenstrukturen/Schiele/Klausuren/Schiele - 2007-WS - 1.pdf	Medieninformatik Bachelor/02. Semester/Algorithmen und Datenstrukturen/Schiele/Klausuren/AuD_Schiele_WS07-08_K_V01.pdf
Medieninformatik Bachelor/02. Semester/Algorithmen und Datenstrukturen/Schiele/Klausuren/Schiele - 2007-WS - 2.pdf	Medieninformatik Bachelor/02. Semester/Algorithmen und Datenstrukturen/Schiele/Klausuren/AuD_Schiele_WS07-08_K_V02.pdf
Medieninformatik Bachelor/02. Semester/Algorithmen und Datenstrukturen/Schiele/Klausuren/Schiele - 2007-WS - 3.pdf	Medieninformatik Bachelor/02. Semester/Algorithmen und Datenstrukturen/Schiele/Klausuren/AuD_Schiele_WS07-08_K_V03.pdf
Medieninformatik Bachelor/02. Semester/Algorithmen und Datenstrukturen/Schiele/Klausuren/algo-schiele-hk-ss07.pdf	Medieninformatik Bachelor/02. Semester/Algorithmen und Datenstrukturen/Schiele/Klausuren/AuD_Schiele_SS07_K_V03.pdf
Medieninformatik Bachelor/02. Semester/Algorithmen und Datenstrukturen/Schiele/Klausuren/algo-schiele-ss07.pdf	Medieninformatik Bachelor/02. Semester/Algorithmen und Datenstrukturen/Schiele/Klausuren/AuD_Schiele_SS07_K_V04.pdf
Medieninformatik Bachelor/02. Semester/Algorithmen und Datenstrukturen/Schiele/Klausuren/algo-schiele-ws07 - Variante 2.pdf	Medieninformatik Bachelor/02. Semester/Algorithmen und Datenstrukturen/Schiele/Klausuren/AuD_Schiele_WS07-08_K_V04.pdf
Medieninformatik Bachelor/02. Semester/Algorithmen und Datenstrukturen/Schiele/Klausuren/algo-schiele-ws07 2.pdf	Medieninformatik Bachelor/02. Semester/Algorithmen und Datenstrukturen/Schiele/Klausuren/AuD_Schiele_WS07-08_K_V05.pdf
Medieninformatik Bachelor/02. Semester/Algorithmen und Datenstrukturen/Schiele/Klausuren/algo-schiele-ws07.pdf	Medieninformatik Bachelor/02. Semester/Algorithmen und Datenstrukturen/Schiele/Klausuren/AuD_Schiele_WS07-08_K_V06.pdf
Medieninformatik Bachelor/02. Semester/Algorithmen und Datenstrukturen/Schiele/Klausuren/algo-schiele-ws0701 - Variante 2.pdf	Medieninformatik Bachelor/02. Semester/Algorithmen und Datenstrukturen/Schiele/Klausuren/AuD_Schiele_WS07-01_K_V01.pdf
Medieninformatik Bachelor/02. Semester/Algorithmen und Datenstrukturen/Schiele/Klausuren/algo-schiele-ws0701.pdf	Medieninformatik Bachelor/02. Semester/Algorithmen und Datenstrukturen/Schiele/Klausuren/AuD_Schiele_WS07-01_K_V02.pdf
Medieninformatik Bachelor/02. Semester/Algorithmen und Datenstrukturen/Schiele/Klausuren/algo-schiele-ws0702.pdf	Medieninformatik Bachelor/02. Semester/Algorithmen und Datenstrukturen/Schiele/Klausuren/AuD_Schiele_WS07-02_K_V01.pdf
Medieninformatik Bachelor/02. Semester/Algorithmen und Datenstrukturen/Tramberend/Klausuren/Klausur_Tramberend_ws2010-2011.pdf	Medieninformatik Bachelor/02. Semester/Algorithmen und Datenstrukturen/Tramberend/Klausuren/AuD_Tramberend_WS10-11_K_V01.pdf
Medieninformatik Bachelor/02. Semester/Betriebssysteme/Dinse/Klausuren/BS Dinse WS07.pdf	Medieninformatik Bachelor/02. Semester/Betriebssysteme/Dinse/Klausuren/BS_Dinse_WS07-08_K_V01.pdf
Medieninformatik Bachelor/02. Semester/Betriebssysteme/Dinse/Klausuren/Dinse - 2007-WS - 1.pdf	Medieninformatik Bachelor/02. Semester/Betriebssysteme/Dinse/Klausuren/BS_Dinse_WS07-08_K_V02.pdf
Medieninformatik Bachelor/02. Semester/Betriebssysteme/Nicht zugeordnet/Klausuren/Betriebssysteme Klausur SS 2013 - 10423764_811279535595524_2967380956359686738_n.jpg	Medieninformatik Bachelor/02. Semester/Betriebssysteme/Nicht zugeordnet/Klausuren/BS_Unbekannt_Zeit-unbekannt_K_V01.jpg
Medieninformatik Bachelor/02. Semester/Betriebssysteme/Nicht zugeordnet/Klausuren/Betriebssysteme Klausur SS 2013 - 10435913_811279552262189_6475430604402895371_n.jpg	Medieninformatik Bachelor/02. Semester/Betriebssysteme/Nicht zugeordnet/Klausuren/BS_Unbekannt_Zeit-unbekannt_K_V02.jpg
Medieninformatik Bachelor/02. Semester/Betriebssysteme/Nicht zugeordnet/Klausuren/Betriebssysteme Klausur SS 2013 - 10696336_811279545595523_5791849128742684132_n.jpg	Medieninformatik Bachelor/02. Semester/Betriebssysteme/Nicht zugeordnet/Klausuren/BS_Unbekannt_Zeit-unbekannt_K_V03.jpg
Medieninformatik Bachelor/02. Semester/Betriebssysteme/Nicht zugeordnet/Klausuren/Betriebssysteme Klausur SS 2013 - photos-1.dropbox.com (1).url	Medieninformatik Bachelor/02. Semester/Betriebssysteme/Nicht zugeordnet/Klausuren/BS_Unbekannt_SS13_K_V01.url
Medieninformatik Bachelor/02. Semester/Betriebssysteme/Nicht zugeordnet/Klausuren/Betriebssysteme Klausur SS 2013 - photos-5.dropbox.com.url	Medieninformatik Bachelor/02. Semester/Betriebssysteme/Nicht zugeordnet/Klausuren/BS_Unbekannt_SS13_K_V02.url
Medieninformatik Bachelor/02. Semester/Betriebssysteme/Nicht zugeordnet/Klausuren/Betriebssysteme Klausur WS 1213.pdf	Medieninformatik Bachelor/02. Semester/Betriebssysteme/Nicht zugeordnet/Klausuren/BS_Unbekannt_WS12-13_K_V01.pdf
Medieninformatik Bachelor/02. Semester/Betriebssysteme/Nicht zugeordnet/Literatur/Modern Operating Systems 2nd Edition.pdf	Medieninformatik Bachelor/02. Semester/Betriebssysteme/Nicht zugeordnet/Literatur/BS_Unbekannt_Zeit-unbekannt_LIT_V01_Modern-Operating-Systems-2nd-Edition.pdf
Medieninformatik Bachelor/02. Semester/Betriebssysteme/Nicht zugeordnet/Probeklausuren/Beispielklausur1.pdf	Medieninformatik Bachelor/02. Semester/Betriebssysteme/Nicht zugeordnet/Probeklausuren/BS_Unbekannt_Zeit-unbekannt_PK_V01.pdf
Medieninformatik Bachelor/02. Semester/Betriebssysteme/Weis/Klausuren/BETRIEBSYSTEME_SS13_WEIS.pdf	Medieninformatik Bachelor/02. Semester/Betriebssysteme/Weis/Klausuren/BS_Weis_SS13_K_V01.pdf
Medieninformatik Bachelor/02. Semester/Betriebssysteme/Weis/Klausuren/BS Weis SS08.pdf	Medieninformatik Bachelor/02. Semester/Betriebssysteme/Weis/Klausuren/BS_Weis_SS08_K_V01.pdf
Medieninformatik Bachelor/02. Semester/Betriebssysteme/Weis/Klausuren/BS Weis WS0809 2.pdf	Medieninformatik Bachelor/02. Semester/Betriebssysteme/Weis/Klausuren/BS_Weis_WS08-09_K_V01.pdf
Medieninformatik Bachelor/02. Semester/Betriebssysteme/Weis/Klausuren/BS Weis WS0809.pdf	Medieninformatik Bachelor/02. Semester/Betriebssysteme/Weis/Klausuren/BS_Weis_WS08-09_K_V02.pdf
Medieninformatik Bachelor/02. Semester/Betriebssysteme/Weis/Klausuren/BS_Weis_SS16 (1) (5 Dateien zusammengefügt).pdf	Medieninformatik Bachelor/02. Semester/Betriebssysteme/Weis/Klausuren/BS_Weis_SS16_K_V01.pdf
Medieninformatik Bachelor/02. Semester/Betriebssysteme/Weis/Klausuren/Betriebssysteme (Weis) WS2014_2015.pdf	Medieninformatik Bachelor/02. Semester/Betriebssysteme/Weis/Klausuren/BS_Weis_WS14-15_K_V01.pdf
Medieninformatik Bachelor/02. Semester/Betriebssysteme/Weis/Klausuren/Betriebssysteme I - Ruediger Weis - SS11.pdf	Medieninformatik Bachelor/02. Semester/Betriebssysteme/Weis/Klausuren/BS_Weis_SS11_K_V01.pdf
Medieninformatik Bachelor/02. Semester/Betriebssysteme/Weis/Klausuren/Betriebssysteme I - Ruediger Weis - WS08-2.pdf	Medieninformatik Bachelor/02. Semester/Betriebssysteme/Weis/Klausuren/BS_Weis_WS08-09_K_V03.pdf
Medieninformatik Bachelor/02. Semester/Betriebssysteme/Weis/Klausuren/Betriebssysteme I - Ruediger Weis - WS08.pdf	Medieninformatik Bachelor/02. Semester/Betriebssysteme/Weis/Klausuren/BS_Weis_WS08-09_K_V04.pdf
Medieninformatik Bachelor/02. Semester/Betriebssysteme/Weis/Klausuren/Betriebssysteme Weis WS 1617.pdf	Medieninformatik Bachelor/02. Semester/Betriebssysteme/Weis/Klausuren/BS_Weis_WS16-17_K_V01.pdf
Medieninformatik Bachelor/02. Semester/Betriebssysteme/Weis/Klausuren/Betriebssysteme_Weis_WiSe_2016-17.pdf	Medieninformatik Bachelor/02. Semester/Betriebssysteme/Weis/Klausuren/BS_Weis_WS16-17_K_V02.pdf
Medieninformatik Bachelor/02. Semester/Betriebssysteme/Weis/Klausuren/SS08_BS_Weis.pdf	Medieninformatik Bachelor/02. Semester/Betriebssysteme/Weis/Klausuren/BS_Weis_SS08_K_V02.pdf
Medieninformatik Bachelor/02. Semester/Betriebssysteme/Weis/Klausuren/Weis - 2008-SS - 1.pdf	Medieninformatik Bachelor/02. Semester/Betriebssysteme/Weis/Klausuren/BS_Weis_SS08_K_V03.pdf
Medieninformatik Bachelor/02. Semester/Betriebssysteme/Weis/Klausuren/Weis - 2008-SS - 2.pdf	Medieninformatik Bachelor/02. Semester/Betriebssysteme/Weis/Klausuren/BS_Weis_SS08_K_V04.pdf
Medieninformatik Bachelor/02. Semester/Betriebssysteme/Weis/Klausuren/Weis - 2008-WS - 1.pdf	Medieninformatik Bachelor/02. Semester/Betriebssysteme/Weis/Klausuren/BS_Weis_WS08-09_K_V05.pdf
Medieninformatik Bachelor/02. Semester/Betriebssysteme/Weis/Klausuren/Weis - 2008-WS - 2.pdf	Medieninformatik Bachelor/02. Semester/Betriebssysteme/Weis/Klausuren/BS_Weis_WS08-09_K_V06.pdf
Medieninformatik Bachelor/02. Semester/Betriebssysteme/Weis/Klausuren/Weis - 2010-WS - 1.pdf	Medieninformatik Bachelor/02. Semester/Betriebssysteme/Weis/Klausuren/BS_Weis_WS10-11_K_V01.pdf
Medieninformatik Bachelor/02. Semester/Betriebssysteme/Weis/Klausuren/Weis - 2012-SS - 1.pdf	Medieninformatik Bachelor/02. Semester/Betriebssysteme/Weis/Klausuren/BS_Weis_SS12_K_V01.pdf
Medieninformatik Bachelor/02. Semester/Betriebssysteme/Weis/Klausuren/Weis - 2012-WS - 1.pdf	Medieninformatik Bachelor/02. Semester/Betriebssysteme/Weis/Klausuren/BS_Weis_WS12-13_K_V01.pdf
Medieninformatik Bachelor/02. Semester/Betriebssysteme/Weis/Klausuren/Weis - 2013-SS - 1.pdf	Medieninformatik Bachelor/02. Semester/Betriebssysteme/Weis/Klausuren/BS_Weis_SS13_K_V02.pdf
Medieninformatik Bachelor/02. Semester/Betriebssysteme/Weis/Klausuren/Weis - 2013-SS - 2.pdf	Medieninformatik Bachelor/02. Semester/Betriebssysteme/Weis/Klausuren/BS_Weis_SS13_K_V03.pdf
Medieninformatik Bachelor/02. Semester/Betriebssysteme/Weis/Klausuren/Weis - 2014-WS - 1.pdf	Medieninformatik Bachelor/02. Semester/Betriebssysteme/Weis/Klausuren/BS_Weis_WS14-15_K_V02.pdf
Medieninformatik Bachelor/02. Semester/Betriebssysteme/Weis/Klausuren/Weis - 2016-SS - 1.pdf	Medieninformatik Bachelor/02. Semester/Betriebssysteme/Weis/Klausuren/BS_Weis_SS16_K_V02.pdf
Medieninformatik Bachelor/02. Semester/Betriebssysteme/Weis/Klausuren/Weis - 2016-SS - 2.pdf	Medieninformatik Bachelor/02. Semester/Betriebssysteme/Weis/Klausuren/BS_Weis_SS16_K_V03.pdf
Medieninformatik Bachelor/02. Semester/Betriebssysteme/Weis/Klausuren/Weis - 2016-SS - 3.pdf	Medieninformatik Bachelor/02. Semester/Betriebssysteme/Weis/Klausuren/BS_Weis_SS16_K_V04.pdf
Medieninformatik Bachelor/02. Semester/Betriebssysteme/Weis/Klausuren/Weis - 2016-WS - 1.pdf	Medieninformatik Bachelor/02. Semester/Betriebssysteme/Weis/Klausuren/BS_Weis_WS16-17_K_V03.pdf
Medieninformatik Bachelor/02. Semester/Betriebssysteme/Weis/Klausuren/Weis - 2016-WS - 2.pdf	Medieninformatik Bachelor/02. Semester/Betriebssysteme/Weis/Klausuren/BS_Weis_WS16-17_K_V04.pdf
Medieninformatik Bachelor/02. Semester/Betriebssysteme/Weis/Klausuren/Weis - 2017-SS - 1.pdf	Medieninformatik Bachelor/02. Semester/Betriebssysteme/Weis/Klausuren/BS_Weis_WS17-18_K_V01.pdf
Medieninformatik Bachelor/02. Semester/Betriebssysteme/Weis/Klausuren/Weis - 2019-SS - 1.pdf	Medieninformatik Bachelor/02. Semester/Betriebssysteme/Weis/Klausuren/BS_Weis_SS19_K_V01.pdf
Medieninformatik Bachelor/02. Semester/Betriebssysteme/Weis/Klausuren/Weis - 2019-SS - 2.pdf	Medieninformatik Bachelor/02. Semester/Betriebssysteme/Weis/Klausuren/BS_Weis_SS19_K_V02.pdf
Medieninformatik Bachelor/02. Semester/Betriebssysteme/Weis/Klausuren/Weis - 2021-SS.pdf	Medieninformatik Bachelor/02. Semester/Betriebssysteme/Weis/Klausuren/BS_Weis_SS21_Z_V01_Weis---2021-SS.pdf
Medieninformatik Bachelor/02. Semester/Betriebssysteme/Weis/Klausuren/Weis - 2022-WS - 1_PZ - blanko.pdf	Medieninformatik Bachelor/02. Semester/Betriebssysteme/Weis/Klausuren/BS_Weis_WS22-23_K_PZ1_blanko.pdf
Medieninformatik Bachelor/02. Semester/Betriebssysteme/Weis/Klausuren/bk-weis-hk-ss0809.pdf	Medieninformatik Bachelor/02. Semester/Betriebssysteme/Weis/Klausuren/BS_Weis_Zeit-unbekannt_K_V01.pdf
Medieninformatik Bachelor/02. Semester/Betriebssysteme/Weis/Klausuren/bs-weis-hk-ws10 (2).pdf	Medieninformatik Bachelor/02. Semester/Betriebssysteme/Weis/Klausuren/BS_Weis_WS10-11_K_V02.pdf
Medieninformatik Bachelor/02. Semester/Betriebssysteme/Weis/Klausuren/bs-weis-nk-ss08.pdf	Medieninformatik Bachelor/02. Semester/Betriebssysteme/Weis/Klausuren/BS_Weis_SS08_K_NK.pdf
Medieninformatik Bachelor/02. Semester/Betriebssysteme/Weis/Klausuren/photos-1.dropbox.com (1).url	Medieninformatik Bachelor/02. Semester/Betriebssysteme/Weis/Klausuren/BS_Weis_Zeit-unbekannt_K_V02.url
Medieninformatik Bachelor/02. Semester/Betriebssysteme/Weis/Klausuren/photos-2.dropbox.com (1).url	Medieninformatik Bachelor/02. Semester/Betriebssysteme/Weis/Klausuren/BS_Weis_Zeit-unbekannt_K_V03.url
Medieninformatik Bachelor/02. Semester/Betriebssysteme/Weis/Klausuren/photos-2.dropbox.com.url	Medieninformatik Bachelor/02. Semester/Betriebssysteme/Weis/Klausuren/BS_Weis_Zeit-unbekannt_K_V04.url
Medieninformatik Bachelor/02. Semester/Datenbanksysteme/Loeser/Klausuren/DBS_Löser_WS1516_2PZ.pdf	Medieninformatik Bachelor/02. Semester/Datenbanksysteme/Loeser/Klausuren/DBS_Loeser_WS15-16_K_PZ2.pdf
Medieninformatik Bachelor/02. Semester/Datenbanksysteme/Loeser/Klausuren/Datenbanken_Loeser_WS1415 - Variante 2.pdf	Medieninformatik Bachelor/02. Semester/Datenbanksysteme/Loeser/Klausuren/DBS_Loeser_WS14-15_K_V01.pdf
Medieninformatik Bachelor/02. Semester/Datenbanksysteme/Loeser/Klausuren/Datenbanken_Loeser_WS1415.pdf	Medieninformatik Bachelor/02. Semester/Datenbanksysteme/Loeser/Klausuren/DBS_Loeser_WS14-15_K_V02.pdf
Medieninformatik Bachelor/02. Semester/Datenbanksysteme/Loeser/Klausuren/Loeser - 2014-WS - 1.pdf	Medieninformatik Bachelor/02. Semester/Datenbanksysteme/Loeser/Klausuren/DBS_Loeser_WS14-15_K_V03.pdf
Medieninformatik Bachelor/02. Semester/Datenbanksysteme/Loeser/Klausuren/Loeser - 2015-WS - 1.pdf	Medieninformatik Bachelor/02. Semester/Datenbanksysteme/Loeser/Klausuren/DBS_Loeser_WS15-16_K_V01.pdf
Medieninformatik Bachelor/02. Semester/Datenbanksysteme/Loeser/Klausuren/Loeser - XXXXWS - 1.pdf	Medieninformatik Bachelor/02. Semester/Datenbanksysteme/Loeser/Klausuren/DBS_Loeser_Zeit-unbekannt_K_V01.pdf
Medieninformatik Bachelor/02. Semester/Datenbanksysteme/Loeser/Klausuren/Löser (2) - Variante 2.pdf	Medieninformatik Bachelor/02. Semester/Datenbanksysteme/Loeser/Klausuren/DBS_Loeser_Zeit-unbekannt_K_V02.pdf
Medieninformatik Bachelor/02. Semester/Datenbanksysteme/Loeser/Klausuren/Löser (2).pdf	Medieninformatik Bachelor/02. Semester/Datenbanksysteme/Loeser/Klausuren/DBS_Loeser_Zeit-unbekannt_K_V03.pdf
Medieninformatik Bachelor/02. Semester/Datenbanksysteme/Nicht zugeordnet/Klausuren/DBS Klausur WS07.pdf	Medieninformatik Bachelor/02. Semester/Datenbanksysteme/Nicht zugeordnet/Klausuren/DBS_Unbekannt_WS07-08_K_V01.pdf
Medieninformatik Bachelor/02. Semester/Datenbanksysteme/Nicht zugeordnet/Klausuren/DBS Klausuren.zip	Medieninformatik Bachelor/02. Semester/Datenbanksysteme/Nicht zugeordnet/Klausuren/DBS_Unbekannt_Zeit-unbekannt_K_V01_DBS-Klausuren.zip
Medieninformatik Bachelor/02. Semester/Datenbanksysteme/Nicht zugeordnet/Lernhilfen/SQL Island Lösungen.txt	Medieninformatik Bachelor/02. Semester/Datenbanksysteme/Nicht zugeordnet/Lernhilfen/DBS_Unbekannt_Zeit-unbekannt_Z_V01_L_SQL-Island-Loesungen.txt
Medieninformatik Bachelor/02. Semester/Datenbanksysteme/Schmiedecke/Klausuren/DBS Schmiedecke WS06.pdf	Medieninformatik Bachelor/02. Semester/Datenbanksysteme/Schmiedecke/Klausuren/DBS_Schmiedecke_WS06-07_K_V01.pdf
Medieninformatik Bachelor/02. Semester/Datenbanksysteme/Schmiedecke/Klausuren/Schmiedecke - 2006-WS - 1.pdf	Medieninformatik Bachelor/02. Semester/Datenbanksysteme/Schmiedecke/Klausuren/DBS_Schmiedecke_WS06-07_K_V02.pdf
Medieninformatik Bachelor/02. Semester/Datenbanksysteme/Steyer/Klausuren/DBS Steyer SS08.pdf	Medieninformatik Bachelor/02. Semester/Datenbanksysteme/Steyer/Klausuren/DBS_Steyer_SS08_K_V01.pdf
Medieninformatik Bachelor/02. Semester/Datenbanksysteme/Steyer/Klausuren/SS08_DBS_Steyer.pdf	Medieninformatik Bachelor/02. Semester/Datenbanksysteme/Steyer/Klausuren/DBS_Steyer_SS08_K_V02.pdf
Medieninformatik Bachelor/02. Semester/Datenbanksysteme/Steyer/Klausuren/Steyer - 2007-WS - 1.pdf	Medieninformatik Bachelor/02. Semester/Datenbanksysteme/Steyer/Klausuren/DBS_Steyer_WS07-08_K_V01.pdf
Medieninformatik Bachelor/02. Semester/Datenbanksysteme/Steyer/Klausuren/Steyer - 2008-SS - 1.pdf	Medieninformatik Bachelor/02. Semester/Datenbanksysteme/Steyer/Klausuren/DBS_Steyer_SS08_K_V03.pdf
Medieninformatik Bachelor/02. Semester/Datenbanksysteme/Steyer/Klausuren/Steyer - 2008-SS - 2.pdf	Medieninformatik Bachelor/02. Semester/Datenbanksysteme/Steyer/Klausuren/DBS_Steyer_SS08_K_V04.pdf
Medieninformatik Bachelor/02. Semester/Mathematik II/Fuegenschuh/Klausuren/Fuegenschuh - 2016-SS - 1.pdf	Medieninformatik Bachelor/02. Semester/Mathematik II/Fuegenschuh/Klausuren/MA2_Fuegenschuh_SS16_K_V01.pdf
Medieninformatik Bachelor/02. Semester/Mathematik II/Fuegenschuh/Probeklausuren/Ma2 Fügenschuh-Probeklausur.pdf	Medieninformatik Bachelor/02. Semester/Mathematik II/Fuegenschuh/Probeklausuren/MA2_Fuegenschuh_Zeit-unbekannt_PK_V01.pdf
Medieninformatik Bachelor/02. Semester/Mathematik II/Gharagazarloo/Klausuren/Gharagazarloo_WS_21_22.pdf	Medieninformatik Bachelor/02. Semester/Mathematik II/Gharagazarloo/Klausuren/MA2_Gharagazarloo_WS21-22_K_V01.pdf
Medieninformatik Bachelor/02. Semester/Mathematik II/Gillert/Klausuren/Gillert - 2008-SS - 1.pdf	Medieninformatik Bachelor/02. Semester/Mathematik II/Gillert/Klausuren/MA2_Gillert_SS08_K_V01.pdf
Medieninformatik Bachelor/02. Semester/Mathematik II/Gillert/Klausuren/SS08_MA2_Gillert.pdf	Medieninformatik Bachelor/02. Semester/Mathematik II/Gillert/Klausuren/MA2_Gillert_SS08_K_V02.pdf
Medieninformatik Bachelor/02. Semester/Mathematik II/Goebel/Klausuren/Goebel - 2006-WS - 1.pdf	Medieninformatik Bachelor/02. Semester/Mathematik II/Goebel/Klausuren/MA2_Goebel_WS06-07_K_V01.pdf
Medieninformatik Bachelor/02. Semester/Mathematik II/Goebel/Klausuren/Goebel - 2007-WS - 1.pdf	Medieninformatik Bachelor/02. Semester/Mathematik II/Goebel/Klausuren/MA2_Goebel_WS07-08_K_V01.pdf
Medieninformatik Bachelor/02. Semester/Mathematik II/Goebel/Klausuren/MA2 Goebel WS06.pdf	Medieninformatik Bachelor/02. Semester/Mathematik II/Goebel/Klausuren/MA2_Goebel_WS06-07_K_V02.pdf
Medieninformatik Bachelor/02. Semester/Mathematik II/Goebel/Klausuren/MA2 Goebel WS07.pdf	Medieninformatik Bachelor/02. Semester/Mathematik II/Goebel/Klausuren/MA2_Goebel_WS07-08_K_V02.pdf
Medieninformatik Bachelor/02. Semester/Mathematik II/Mueller/Klausuren/Mueller - 2017-WS - 1.pdf	Medieninformatik Bachelor/02. Semester/Mathematik II/Mueller/Klausuren/MA2_Mueller_WS17-18_K_V01.pdf
Medieninformatik Bachelor/02. Semester/Mathematik II/Mueller/Klausuren/Mueller_Mathe_II_SS17.pdf	Medieninformatik Bachelor/02. Semester/Mathematik II/Mueller/Klausuren/MA2_Mueller_SS17_K_V01.pdf
Medieninformatik Bachelor/02. Semester/Mathematik II/Nicht zugeordnet/Klausuren/XXXX - XXXXWS - 1.pdf	Medieninformatik Bachelor/02. Semester/Mathematik II/Nicht zugeordnet/Klausuren/MA2_Unbekannt_Zeit-unbekannt_K_V01.pdf
Medieninformatik Bachelor/02. Semester/Mathematik II/Nicht zugeordnet/Uebungen/loesungen24.pdf	Medieninformatik Bachelor/02. Semester/Mathematik II/Nicht zugeordnet/Uebungen/MA2_Unbekannt_Zeit-unbekannt_UE_V01_L_loesungen24.pdf
Medieninformatik Bachelor/02. Semester/Mathematik II/Nicht zugeordnet/Uebungen/loesungen25.pdf	Medieninformatik Bachelor/02. Semester/Mathematik II/Nicht zugeordnet/Uebungen/MA2_Unbekannt_Zeit-unbekannt_UE_V02_L_loesungen25.pdf
Medieninformatik Bachelor/02. Semester/Mathematik II/Rothkirch/Klausuren/MA2 Rothkirch WS06.pdf	Medieninformatik Bachelor/02. Semester/Mathematik II/Rothkirch/Klausuren/MA2_Rothkirch_WS06-07_K_V01.pdf
Medieninformatik Bachelor/02. Semester/Mathematik II/Rothkirch/Klausuren/Rothkirch - 2006-WS - 1.pdf	Medieninformatik Bachelor/02. Semester/Mathematik II/Rothkirch/Klausuren/MA2_Rothkirch_WS06-07_K_V02.pdf
Medieninformatik Bachelor/02. Semester/Programmieren II/Boehler/Klausuren/Boehler - 2014-WS - 1.pdf	Medieninformatik Bachelor/02. Semester/Programmieren II/Boehler/Klausuren/P2_Boehler_WS14-15_K_V01.pdf
Medieninformatik Bachelor/02. Semester/Programmieren II/Boehler/Probeklausuren/PR2 Böhler Probeklausur WS14-15.pdf	Medieninformatik Bachelor/02. Semester/Programmieren II/Boehler/Probeklausuren/P2_Boehler_WS14-15_PK_V01.pdf
Medieninformatik Bachelor/02. Semester/Programmieren II/Merceron/Klausuren/Merceron - 2007-WS - 1.pdf	Medieninformatik Bachelor/02. Semester/Programmieren II/Merceron/Klausuren/P2_Merceron_WS07-08_K_V01.pdf
Medieninformatik Bachelor/02. Semester/Programmieren II/Merceron/Klausuren/PR2 Merceron WS07.pdf	Medieninformatik Bachelor/02. Semester/Programmieren II/Merceron/Klausuren/P2_Merceron_WS07-08_K_V02.pdf
Medieninformatik Bachelor/02. Semester/Programmieren II/Nicht zugeordnet/Klausuren/XXXX - XXXXWS - 1.pdf	Medieninformatik Bachelor/02. Semester/Programmieren II/Nicht zugeordnet/Klausuren/P2_Unbekannt_Zeit-unbekannt_K_V01.pdf
Medieninformatik Bachelor/02. Semester/Programmieren II/Nicht zugeordnet/Uebungen/Prog_Ue7.zip	Medieninformatik Bachelor/02. Semester/Programmieren II/Nicht zugeordnet/Uebungen/P2_Unbekannt_Zeit-unbekannt_UE_V01_Prog-Ue7.zip
Medieninformatik Bachelor/02. Semester/Programmieren II/Pavlista/Klausuren/PR2 Pavlista WS04.pdf	Medieninformatik Bachelor/02. Semester/Programmieren II/Pavlista/Klausuren/P2_Pavlista_WS04-05_K_V01.pdf
Medieninformatik Bachelor/02. Semester/Programmieren II/Pavlista/Klausuren/PR2 Pavlista WS06.pdf	Medieninformatik Bachelor/02. Semester/Programmieren II/Pavlista/Klausuren/P2_Pavlista_WS06-07_K_V01.pdf
Medieninformatik Bachelor/02. Semester/Programmieren II/Pavlista/Klausuren/Pavlista - 2004-WS - 1.pdf	Medieninformatik Bachelor/02. Semester/Programmieren II/Pavlista/Klausuren/P2_Pavlista_WS04-05_K_V02.pdf
Medieninformatik Bachelor/02. Semester/Programmieren II/Pavlista/Klausuren/Pavlista - 2006-WS - 1.pdf	Medieninformatik Bachelor/02. Semester/Programmieren II/Pavlista/Klausuren/P2_Pavlista_WS06-07_K_V02.pdf
Medieninformatik Bachelor/02. Semester/Programmieren II/Reisin/Klausuren/PR2 Reisin WS06.pdf	Medieninformatik Bachelor/02. Semester/Programmieren II/Reisin/Klausuren/P2_Reisin_WS06-07_K_V01.pdf
Medieninformatik Bachelor/02. Semester/Programmieren II/Reisin/Klausuren/Reisin - 2006-WS - 1.pdf	Medieninformatik Bachelor/02. Semester/Programmieren II/Reisin/Klausuren/P2_Reisin_WS06-07_K_V02.pdf
Medieninformatik Bachelor/02. Semester/Programmieren II/Schimkat/Klausuren/Nachschreibklausur_Schimkat_2014.pdf	Medieninformatik Bachelor/02. Semester/Programmieren II/Schimkat/Klausuren/P2_Schimkat_Zeit-unbekannt_K_NK.pdf
Medieninformatik Bachelor/02. Semester/Programmieren II/Schimkat/Klausuren/PR2 Schimkat SS07.pdf	Medieninformatik Bachelor/02. Semester/Programmieren II/Schimkat/Klausuren/P2_Schimkat_SS07_K_V01.pdf
Medieninformatik Bachelor/02. Semester/Programmieren II/Schimkat/Klausuren/PR2 Schimkat SS08.pdf	Medieninformatik Bachelor/02. Semester/Programmieren II/Schimkat/Klausuren/P2_Schimkat_SS08_K_V01.pdf
Medieninformatik Bachelor/02. Semester/Programmieren II/Schimkat/Klausuren/PR2_SS11_Schimkat.pdf	Medieninformatik Bachelor/02. Semester/Programmieren II/Schimkat/Klausuren/P2_Schimkat_SS11_K_V01.pdf
Medieninformatik Bachelor/02. Semester/Programmieren II/Schimkat/Klausuren/Programmieren 2 Schimkat 2017.pdf	Medieninformatik Bachelor/02. Semester/Programmieren II/Schimkat/Klausuren/P2_Schimkat_Zeit-unbekannt_K_V01.pdf
Medieninformatik Bachelor/02. Semester/Programmieren II/Schimkat/Klausuren/Schimkat - 2007-SS - 1.pdf	Medieninformatik Bachelor/02. Semester/Programmieren II/Schimkat/Klausuren/P2_Schimkat_SS07_K_V02.pdf
Medieninformatik Bachelor/02. Semester/Programmieren II/Schimkat/Klausuren/Schimkat - 2008-SS - 1.pdf	Medieninformatik Bachelor/02. Semester/Programmieren II/Schimkat/Klausuren/P2_Schimkat_SS08_K_V02.pdf
Medieninformatik Bachelor/02. Semester/Programmieren II/Schimkat/Klausuren/Schimkat - 2011-SS - 1.pdf	Medieninformatik Bachelor/02. Semester/Programmieren II/Schimkat/Klausuren/P2_Schimkat_SS11_K_V02.pdf
Medieninformatik Bachelor/02. Semester/Programmieren II/Schimkat/Klausuren/Schimkat - 2014-WS - 1.pdf	Medieninformatik Bachelor/02. Semester/Programmieren II/Schimkat/Klausuren/P2_Schimkat_WS14-15_K_V01.pdf
Medieninformatik Bachelor/02. Semester/Programmieren II/Schimkat/Klausuren/Schimkat - 2015-SS - 1.pdf	Medieninformatik Bachelor/02. Semester/Programmieren II/Schimkat/Klausuren/P2_Schimkat_SS15_K_V01.pdf
Medieninformatik Bachelor/02. Semester/Programmieren II/Schimkat/Klausuren/Schimkat - 2017-WS - 1.pdf	Medieninformatik Bachelor/02. Semester/Programmieren II/Schimkat/Klausuren/P2_Schimkat_WS17-18_K_V01.pdf
Medieninformatik Bachelor/02. Semester/Programmieren II/Steppat/Klausuren/PR2 Steppat WS 1617.pdf	Medieninformatik Bachelor/02. Semester/Programmieren II/Steppat/Klausuren/P2_Steppat_WS16-17_K_V01.pdf
Medieninformatik Bachelor/02. Semester/Programmieren II/Steppat/Klausuren/Steppat - 2016-WS - 1.pdf	Medieninformatik Bachelor/02. Semester/Programmieren II/Steppat/Klausuren/P2_Steppat_WS16-17_K_V02.pdf
Medieninformatik Bachelor/02. Semester/Programmieren II/Strippgen/Klausuren/Klausur-WS1415-jpg..pdf	Medieninformatik Bachelor/02. Semester/Programmieren II/Strippgen/Klausuren/P2_Strippgen_WS14-15_K_V01.pdf
Medieninformatik Bachelor/02. Semester/Programmieren II/Strippgen/Klausuren/Seite 05.jpg	Medieninformatik Bachelor/02. Semester/Programmieren II/Strippgen/Klausuren/P2_Strippgen_Zeit-unbekannt_K_V01_S05.jpg
Medieninformatik Bachelor/02. Semester/Programmieren II/Strippgen/Klausuren/Seite 07.jpg	Medieninformatik Bachelor/02. Semester/Programmieren II/Strippgen/Klausuren/P2_Strippgen_Zeit-unbekannt_K_V02_S07.jpg
Medieninformatik Bachelor/02. Semester/Programmieren II/Strippgen/Klausuren/Seite 08.jpg	Medieninformatik Bachelor/02. Semester/Programmieren II/Strippgen/Klausuren/P2_Strippgen_Zeit-unbekannt_K_V03_S08.jpg
Medieninformatik Bachelor/02. Semester/Programmieren II/Strippgen/Klausuren/Seite 10.jpg	Medieninformatik Bachelor/02. Semester/Programmieren II/Strippgen/Klausuren/P2_Strippgen_Zeit-unbekannt_K_V04_S10.jpg
Medieninformatik Bachelor/02. Semester/Programmieren II/Strippgen/Klausuren/Seite 11.jpg	Medieninformatik Bachelor/02. Semester/Programmieren II/Strippgen/Klausuren/P2_Strippgen_Zeit-unbekannt_K_V05_S11.jpg
Medieninformatik Bachelor/02. Semester/Programmieren II/Strippgen/Klausuren/Seite 12.jpg	Medieninformatik Bachelor/02. Semester/Programmieren II/Strippgen/Klausuren/P2_Strippgen_Zeit-unbekannt_K_V06_S12.jpg
Medieninformatik Bachelor/02. Semester/Programmieren II/Strippgen/Klausuren/Strippgen - 2012-WS - 1.pdf	Medieninformatik Bachelor/02. Semester/Programmieren II/Strippgen/Klausuren/P2_Strippgen_WS12-13_K_V01.pdf
Medieninformatik Bachelor/02. Semester/Programmieren II/Strippgen/Klausuren/Strippgen - 2014-WS - 1.pdf	Medieninformatik Bachelor/02. Semester/Programmieren II/Strippgen/Klausuren/P2_Strippgen_WS14-15_K_V02.pdf
Medieninformatik Bachelor/02. Semester/Programmieren II/Strippgen/Klausuren/Strippgen - 2016-SS - 1.pdf	Medieninformatik Bachelor/02. Semester/Programmieren II/Strippgen/Klausuren/P2_Strippgen_SS16_K_V01.pdf
Medieninformatik Bachelor/02. Semester/Programmieren II/Strippgen/Klausuren/Strippgen - XXXXWS - 1.pdf	Medieninformatik Bachelor/02. Semester/Programmieren II/Strippgen/Klausuren/P2_Strippgen_Zeit-unbekannt_K_V07.pdf
Medieninformatik Bachelor/02. Semester/Programmieren II/Strippgen/Klausuren/Strippgen SoSe 2016.pdf	Medieninformatik Bachelor/02. Semester/Programmieren II/Strippgen/Klausuren/P2_Strippgen_SS16_K_V02.pdf
Medieninformatik Bachelor/02. Semester/Programmieren II/Strippgen/Klausuren/photos-5.dropbox.com (1) (Sebatian Hes in Konflikt stehende Kopie 2017-01-09).url	Medieninformatik Bachelor/02. Semester/Programmieren II/Strippgen/Klausuren/P2_Strippgen_Zeit-unbekannt_K_V08.url
Medieninformatik Bachelor/02. Semester/Programmieren II/Strippgen/Klausuren/photos-5.dropbox.com (1).url	Medieninformatik Bachelor/02. Semester/Programmieren II/Strippgen/Klausuren/P2_Strippgen_Zeit-unbekannt_K_V09.url
Medieninformatik Bachelor/02. Semester/Programmieren II/Strippgen/Klausuren/photos-5.dropbox.com (2).url	Medieninformatik Bachelor/02. Semester/Programmieren II/Strippgen/Klausuren/P2_Strippgen_Zeit-unbekannt_K_V10.url
Medieninformatik Bachelor/02. Semester/Programmieren II/Strippgen/Klausuren/photos-6.dropbox.com (1).url	Medieninformatik Bachelor/02. Semester/Programmieren II/Strippgen/Klausuren/P2_Strippgen_Zeit-unbekannt_K_V11.url
Medieninformatik Bachelor/02. Semester/Programmieren II/Strippgen/Klausuren/photos-6.dropbox.com.url	Medieninformatik Bachelor/02. Semester/Programmieren II/Strippgen/Klausuren/P2_Strippgen_Zeit-unbekannt_K_V12.url
Medieninformatik Bachelor/02. Semester/Programmieren II/Strippgen/Klausuren/prog2klausur.pdf	Medieninformatik Bachelor/02. Semester/Programmieren II/Strippgen/Klausuren/P2_Strippgen_Zeit-unbekannt_K_V13.pdf
Medieninformatik Bachelor/02. Semester/Programmieren II/Strippgen/Probeklausuren/BeispielKlausur PPRogII Strippgen.pdf	Medieninformatik Bachelor/02. Semester/Programmieren II/Strippgen/Probeklausuren/P2_Strippgen_Zeit-unbekannt_PK_V01.pdf
Medieninformatik Bachelor/03. Semester/Computergrafik Grundlagen/Nicht zugeordnet/Literatur/Digitale_Bildverarbeitung_Eine Einführung_mit_Java_und_ImageJ.pdf	Medieninformatik Bachelor/03. Semester/Computergrafik Grundlagen/Nicht zugeordnet/Literatur/CGG_Unbekannt_Zeit-unbekannt_LIT_V01_Digitale-Bildverarbeitung-Eine-Einfuehrung-mit-Java-und-ImageJ.pdf
Medieninformatik Bachelor/03. Semester/Computergrafik Grundlagen/Nicht zugeordnet/Literatur/Fundamentals of Computer Graphics 3rd ed. - P. Shirley, S. Marschner (CRC, 2009) WW.pdf	Medieninformatik Bachelor/03. Semester/Computergrafik Grundlagen/Nicht zugeordnet/Literatur/CGG_Unbekannt_Zeit-unbekannt_LIT_V02_Fundamentals-of-Computer-Graphics-3rd-ed.---P.-Shirley-S.-Marschner-CRC-2009-WW.pdf
Medieninformatik Bachelor/03. Semester/Computergrafik Grundlagen/Nicht zugeordnet/Literatur/Ray.Tracing.from.the.Ground.Up.pdf	Medieninformatik Bachelor/03. Semester/Computergrafik Grundlagen/Nicht zugeordnet/Literatur/CGG_Unbekannt_Zeit-unbekannt_LIT_V03_Ray.Tracing.from.the.Ground.Up.pdf
Medieninformatik Bachelor/03. Semester/Computergrafik Grundlagen/Rehfeld/Klausuren/1363779670wpdm_MB_SS2012_Rehfeld_CG1.pdf	Medieninformatik Bachelor/03. Semester/Computergrafik Grundlagen/Rehfeld/Klausuren/CGG_Rehfeld_SS12_K_V01.pdf
Medieninformatik Bachelor/03. Semester/Computergrafik Grundlagen/Rehfeld/Klausuren/2012-WS - Klausur 2.pdf	Medieninformatik Bachelor/03. Semester/Computergrafik Grundlagen/Rehfeld/Klausuren/CGG_Rehfeld_WS12-13_K_V01.pdf
Medieninformatik Bachelor/03. Semester/Computergrafik Grundlagen/Rehfeld/Klausuren/2012-WS - Klausur.pdf	Medieninformatik Bachelor/03. Semester/Computergrafik Grundlagen/Rehfeld/Klausuren/CGG_Rehfeld_WS12-13_K_V02.pdf
Medieninformatik Bachelor/03. Semester/Computergrafik Grundlagen/Rehfeld/Klausuren/2013-SS - Klausur.pdf	Medieninformatik Bachelor/03. Semester/Computergrafik Grundlagen/Rehfeld/Klausuren/CGG_Rehfeld_SS13_K_V01.pdf
Medieninformatik Bachelor/03. Semester/Computergrafik Grundlagen/Rehfeld/Klausuren/2013-SS - Klausur3.pdf	Medieninformatik Bachelor/03. Semester/Computergrafik Grundlagen/Rehfeld/Klausuren/CGG_Rehfeld_SS13_K_V02.pdf
Medieninformatik Bachelor/03. Semester/Computergrafik Grundlagen/Rehfeld/Klausuren/2013-WS - Klausur4.pdf	Medieninformatik Bachelor/03. Semester/Computergrafik Grundlagen/Rehfeld/Klausuren/CGG_Rehfeld_WS13-14_K_V01.pdf
Medieninformatik Bachelor/03. Semester/Computergrafik Grundlagen/Rehfeld/Klausuren/2014-SS - Klausur-1.pdf	Medieninformatik Bachelor/03. Semester/Computergrafik Grundlagen/Rehfeld/Klausuren/CGG_Rehfeld_SS14_K_V01.pdf
Medieninformatik Bachelor/03. Semester/Computergrafik Grundlagen/Rehfeld/Klausuren/2014-SS - Klausur-2.pdf	Medieninformatik Bachelor/03. Semester/Computergrafik Grundlagen/Rehfeld/Klausuren/CGG_Rehfeld_SS14_K_V02.pdf
Medieninformatik Bachelor/03. Semester/Computergrafik Grundlagen/Rehfeld/Klausuren/2014-WS - Klausur1.pdf	Medieninformatik Bachelor/03. Semester/Computergrafik Grundlagen/Rehfeld/Klausuren/CGG_Rehfeld_WS14-15_K_V01.pdf
Medieninformatik Bachelor/03. Semester/Computergrafik Grundlagen/Rehfeld/Klausuren/2014-WS - Klausur2.pdf	Medieninformatik Bachelor/03. Semester/Computergrafik Grundlagen/Rehfeld/Klausuren/CGG_Rehfeld_WS14-15_K_V02.pdf
Medieninformatik Bachelor/03. Semester/Computergrafik Grundlagen/Rehfeld/Klausuren/2014-WS - Klausur3.pdf	Medieninformatik Bachelor/03. Semester/Computergrafik Grundlagen/Rehfeld/Klausuren/CGG_Rehfeld_WS14-15_K_V03.pdf
Medieninformatik Bachelor/03. Semester/Computergrafik Grundlagen/Rehfeld/Klausuren/2014-WS - Klausur4.pdf	Medieninformatik Bachelor/03. Semester/Computergrafik Grundlagen/Rehfeld/Klausuren/CGG_Rehfeld_WS14-15_K_V04.pdf
Medieninformatik Bachelor/03. Semester/Computergrafik Grundlagen/Rehfeld/Klausuren/2015-SS - Klausur 1.pdf	Medieninformatik Bachelor/03. Semester/Computergrafik Grundlagen/Rehfeld/Klausuren/CGG_Rehfeld_SS15_K_V01.pdf
Medieninformatik Bachelor/03. Semester/Computergrafik Grundlagen/Rehfeld/Klausuren/2015-SS - Klausur 2.pdf	Medieninformatik Bachelor/03. Semester/Computergrafik Grundlagen/Rehfeld/Klausuren/CGG_Rehfeld_SS15_K_V02.pdf
Medieninformatik Bachelor/03. Semester/Computergrafik Grundlagen/Rehfeld/Klausuren/2015-SS - Klausur3.pdf	Medieninformatik Bachelor/03. Semester/Computergrafik Grundlagen/Rehfeld/Klausuren/CGG_Rehfeld_SS15_K_V03.pdf
Medieninformatik Bachelor/03. Semester/Computergrafik Grundlagen/Rehfeld/Klausuren/2015-WS - Klausur-3.pdf	Medieninformatik Bachelor/03. Semester/Computergrafik Grundlagen/Rehfeld/Klausuren/CGG_Rehfeld_WS15-16_K_V01.pdf
Medieninformatik Bachelor/03. Semester/Computergrafik Grundlagen/Rehfeld/Klausuren/CG1-SS13-Rehfeld.pdf	Medieninformatik Bachelor/03. Semester/Computergrafik Grundlagen/Rehfeld/Klausuren/CGG_Rehfeld_SS13_K_V03.pdf
Medieninformatik Bachelor/03. Semester/Computergrafik Grundlagen/Rehfeld/Klausuren/CG1_SS14_Rehfeld.pdf	Medieninformatik Bachelor/03. Semester/Computergrafik Grundlagen/Rehfeld/Klausuren/CGG_Rehfeld_SS14_K_V03.pdf
Medieninformatik Bachelor/03. Semester/Computergrafik Grundlagen/Rehfeld/Klausuren/CG1_WS10_ohneLoesung.pdf	Medieninformatik Bachelor/03. Semester/Computergrafik Grundlagen/Rehfeld/Klausuren/CGG_Rehfeld_WS10-11_K_V01_blanko.pdf
Medieninformatik Bachelor/03. Semester/Computergrafik Grundlagen/Rehfeld/Klausuren/CG1_WS1314_Rehfeld.pdf	Medieninformatik Bachelor/03. Semester/Computergrafik Grundlagen/Rehfeld/Klausuren/CGG_Rehfeld_WS13-14_K_V02.pdf
Medieninformatik Bachelor/03. Semester/Computergrafik Grundlagen/Rehfeld/Klausuren/CG_Klausur_Zug2_WS2014.pdf	Medieninformatik Bachelor/03. Semester/Computergrafik Grundlagen/Rehfeld/Klausuren/CGG_Rehfeld_WS14-15_K_V05.pdf
Medieninformatik Bachelor/03. Semester/Computergrafik Grundlagen/Rehfeld/Klausuren/Computergrafik 1 Klausur WS1213.pdf	Medieninformatik Bachelor/03. Semester/Computergrafik Grundlagen/Rehfeld/Klausuren/CGG_Rehfeld_WS12-13_K_V03.pdf
Medieninformatik Bachelor/03. Semester/Computergrafik Grundlagen/Rehfeld/Klausuren/Rehfeld - 2010-SS - 1.pdf	Medieninformatik Bachelor/03. Semester/Computergrafik Grundlagen/Rehfeld/Klausuren/CGG_Rehfeld_SS10_K_V01.pdf
Medieninformatik Bachelor/03. Semester/Computergrafik Grundlagen/Rehfeld/Klausuren/Rehfeld - 2010-WS - 1.pdf	Medieninformatik Bachelor/03. Semester/Computergrafik Grundlagen/Rehfeld/Klausuren/CGG_Rehfeld_WS10-11_K_V02.pdf
Medieninformatik Bachelor/03. Semester/Computergrafik Grundlagen/Rehfeld/Klausuren/Rehfeld - 2011-SS - 1.pdf	Medieninformatik Bachelor/03. Semester/Computergrafik Grundlagen/Rehfeld/Klausuren/CGG_Rehfeld_SS11_K_V01.pdf
Medieninformatik Bachelor/03. Semester/Computergrafik Grundlagen/Rehfeld/Klausuren/Rehfeld - 2012-SS - 1.pdf	Medieninformatik Bachelor/03. Semester/Computergrafik Grundlagen/Rehfeld/Klausuren/CGG_Rehfeld_SS12_K_V02.pdf
Medieninformatik Bachelor/03. Semester/Computergrafik Grundlagen/Rehfeld/Klausuren/Rehfeld - 2012-SS - 2.pdf	Medieninformatik Bachelor/03. Semester/Computergrafik Grundlagen/Rehfeld/Klausuren/CGG_Rehfeld_SS12_K_V03.pdf
Medieninformatik Bachelor/03. Semester/Computergrafik Grundlagen/Rehfeld/Klausuren/Rehfeld - 2012-SS - 3.pdf	Medieninformatik Bachelor/03. Semester/Computergrafik Grundlagen/Rehfeld/Klausuren/CGG_Rehfeld_SS12_K_V04.pdf
Medieninformatik Bachelor/03. Semester/Computergrafik Grundlagen/Rehfeld/Klausuren/Rehfeld - 2012-SS - 4.pdf	Medieninformatik Bachelor/03. Semester/Computergrafik Grundlagen/Rehfeld/Klausuren/CGG_Rehfeld_SS12_K_V05.pdf
Medieninformatik Bachelor/03. Semester/Computergrafik Grundlagen/Rehfeld/Klausuren/Rehfeld - 2012-WS - 1.pdf	Medieninformatik Bachelor/03. Semester/Computergrafik Grundlagen/Rehfeld/Klausuren/CGG_Rehfeld_WS12-13_K_V04.pdf
Medieninformatik Bachelor/03. Semester/Computergrafik Grundlagen/Rehfeld/Klausuren/Rehfeld - 2013-SS - 1.pdf	Medieninformatik Bachelor/03. Semester/Computergrafik Grundlagen/Rehfeld/Klausuren/CGG_Rehfeld_SS13_K_V04.pdf
Medieninformatik Bachelor/03. Semester/Computergrafik Grundlagen/Rehfeld/Klausuren/Rehfeld - 2013-SS - 2.pdf	Medieninformatik Bachelor/03. Semester/Computergrafik Grundlagen/Rehfeld/Klausuren/CGG_Rehfeld_SS13_K_V05.pdf
Medieninformatik Bachelor/03. Semester/Computergrafik Grundlagen/Rehfeld/Klausuren/Rehfeld - 2013-SS - 3.pdf	Medieninformatik Bachelor/03. Semester/Computergrafik Grundlagen/Rehfeld/Klausuren/CGG_Rehfeld_SS13_K_V06.pdf
Medieninformatik Bachelor/03. Semester/Computergrafik Grundlagen/Rehfeld/Klausuren/Rehfeld - 2013-WS - 1.pdf	Medieninformatik Bachelor/03. Semester/Computergrafik Grundlagen/Rehfeld/Klausuren/CGG_Rehfeld_WS13-14_K_V03.pdf
Medieninformatik Bachelor/03. Semester/Computergrafik Grundlagen/Rehfeld/Klausuren/Rehfeld - 2014-SS - 1.pdf	Medieninformatik Bachelor/03. Semester/Computergrafik Grundlagen/Rehfeld/Klausuren/CGG_Rehfeld_SS14_K_V04.pdf
Medieninformatik Bachelor/03. Semester/Computergrafik Grundlagen/Rehfeld/Klausuren/Rehfeld - 2014-SS - 2.pdf	Medieninformatik Bachelor/03. Semester/Computergrafik Grundlagen/Rehfeld/Klausuren/CGG_Rehfeld_SS14_K_V05.pdf
Medieninformatik Bachelor/03. Semester/Computergrafik Grundlagen/Rehfeld/Klausuren/Rehfeld - 2014-SS - 3.pdf	Medieninformatik Bachelor/03. Semester/Computergrafik Grundlagen/Rehfeld/Klausuren/CGG_Rehfeld_SS14_K_V06.pdf
Medieninformatik Bachelor/03. Semester/Computergrafik Grundlagen/Rehfeld/Klausuren/Rehfeld - 2014-WS - 1.pdf	Medieninformatik Bachelor/03. Semester/Computergrafik Grundlagen/Rehfeld/Klausuren/CGG_Rehfeld_WS14-15_K_V06.pdf
Medieninformatik Bachelor/03. Semester/Computergrafik Grundlagen/Rehfeld/Klausuren/Rehfeld - 2014-WS - 2.pdf	Medieninformatik Bachelor/03. Semester/Computergrafik Grundlagen/Rehfeld/Klausuren/CGG_Rehfeld_WS14-15_K_V07.pdf
Medieninformatik Bachelor/03. Semester/Computergrafik Grundlagen/Rehfeld/Klausuren/Rehfeld - 2014-WS - 3.pdf	Medieninformatik Bachelor/03. Semester/Computergrafik Grundlagen/Rehfeld/Klausuren/CGG_Rehfeld_WS14-15_K_V08.pdf
Medieninformatik Bachelor/03. Semester/Computergrafik Grundlagen/Rehfeld/Klausuren/Rehfeld - 2014-WS - 4.pdf	Medieninformatik Bachelor/03. Semester/Computergrafik Grundlagen/Rehfeld/Klausuren/CGG_Rehfeld_WS14-15_K_V09.pdf
Medieninformatik Bachelor/03. Semester/Computergrafik Grundlagen/Rehfeld/Klausuren/Rehfeld - 2014-WS - 5.pdf	Medieninformatik Bachelor/03. Semester/Computergrafik Grundlagen/Rehfeld/Klausuren/CGG_Rehfeld_WS14-15_K_V10.pdf
Medieninformatik Bachelor/03. Semester/Computergrafik Grundlagen/Rehfeld/Klausuren/Rehfeld - 2014-WS - 6.pdf	Medieninformatik Bachelor/03. Semester/Computergrafik Grundlagen/Rehfeld/Klausuren/CGG_Rehfeld_WS14-15_K_V11.pdf
Medieninformatik Bachelor/03. Semester/Computergrafik Grundlagen/Rehfeld/Klausuren/Rehfeld - 2015-SS - 1.pdf	Medieninformatik Bachelor/03. Semester/Computergrafik Grundlagen/Rehfeld/Klausuren/CGG_Rehfeld_SS15_K_V04.pdf
Medieninformatik Bachelor/03. Semester/Computergrafik Grundlagen/Rehfeld/Klausuren/Rehfeld - 2015-SS - 2.pdf	Medieninformatik Bachelor/03. Semester/Computergrafik Grundlagen/Rehfeld/Klausuren/CGG_Rehfeld_SS15_K_V05.pdf
Medieninformatik Bachelor/03. Semester/Computergrafik Grundlagen/Rehfeld/Klausuren/Rehfeld - 2015-WS - 1.pdf	Medieninformatik Bachelor/03. Semester/Computergrafik Grundlagen/Rehfeld/Klausuren/CGG_Rehfeld_WS15-16_K_V02.pdf
Medieninformatik Bachelor/03. Semester/Computergrafik Grundlagen/Rehfeld/Klausuren/Rehfeld - 2016-SS - 1.pdf	Medieninformatik Bachelor/03. Semester/Computergrafik Grundlagen/Rehfeld/Klausuren/CGG_Rehfeld_SS16_K_V01.pdf
Medieninformatik Bachelor/03. Semester/Computergrafik Grundlagen/Rehfeld/Klausuren/SS2016 - Klausur 1.pdf	Medieninformatik Bachelor/03. Semester/Computergrafik Grundlagen/Rehfeld/Klausuren/CGG_Rehfeld_SS16_K_V02.pdf
Medieninformatik Bachelor/03. Semester/Computergrafik Grundlagen/Rehfeld/Klausuren/cg1-rehfeld-hk-ss10.pdf	Medieninformatik Bachelor/03. Semester/Computergrafik Grundlagen/Rehfeld/Klausuren/CGG_Rehfeld_SS10_K_V02.pdf
Medieninformatik Bachelor/03. Semester/Computergrafik Grundlagen/Rehfeld/Klausuren/cg1-rehfeld-hk-ss10_ohneLoesung.pdf	Medieninformatik Bachelor/03. Semester/Computergrafik Grundlagen/Rehfeld/Klausuren/CGG_Rehfeld_SS10_K_V03_blanko.pdf
Medieninformatik Bachelor/03. Semester/Computergrafik Grundlagen/Rehfeld/Klausuren/cg1-rehfeld-ws10-11.pdf	Medieninformatik Bachelor/03. Semester/Computergrafik Grundlagen/Rehfeld/Klausuren/CGG_Rehfeld_WS10-11_K_V03.pdf
Medieninformatik Bachelor/03. Semester/Computergrafik Grundlagen/Rehfeld/Klausuren/cg1-rehfeld-ws11-13 2.pdf	Medieninformatik Bachelor/03. Semester/Computergrafik Grundlagen/Rehfeld/Klausuren/CGG_Rehfeld_WS11-13_K_V01.pdf
Medieninformatik Bachelor/03. Semester/Computergrafik Grundlagen/Rehfeld/Klausuren/cg1-rehfeld-ws11-13.pdf	Medieninformatik Bachelor/03. Semester/Computergrafik Grundlagen/Rehfeld/Klausuren/CGG_Rehfeld_WS11-13_K_V02.pdf
Medieninformatik Bachelor/03. Semester/Computergrafik Grundlagen/Rehfeld/Klausuren/cg1-rehfeld-ws1101.pdf	Medieninformatik Bachelor/03. Semester/Computergrafik Grundlagen/Rehfeld/Klausuren/CGG_Rehfeld_WS11-01_K_V01.pdf
Medieninformatik Bachelor/03. Semester/Computergrafik Grundlagen/Rehfeld/Klausuren/cg1-rehfeld-ws1101_ohneLoesung.pdf	Medieninformatik Bachelor/03. Semester/Computergrafik Grundlagen/Rehfeld/Klausuren/CGG_Rehfeld_WS11-01_K_V02_blanko.pdf
Medieninformatik Bachelor/03. Semester/Computergrafik Grundlagen/Rehfeld/Probeklausuren/2014-WS - Probeklausur.pdf	Medieninformatik Bachelor/03. Semester/Computergrafik Grundlagen/Rehfeld/Probeklausuren/CGG_Rehfeld_WS14-15_PK_V01.pdf
Medieninformatik Bachelor/03. Semester/Computergrafik Grundlagen/Tramberend/Klausuren/#photos-3.dropbox.com.url	Medieninformatik Bachelor/03. Semester/Computergrafik Grundlagen/Tramberend/Klausuren/CGG_Tramberend_Zeit-unbekannt_K_V01.url
Medieninformatik Bachelor/03. Semester/Computergrafik Grundlagen/Tramberend/Klausuren/CGI_Tramberend_Halbzeittest_SoSe17.pdf	Medieninformatik Bachelor/03. Semester/Computergrafik Grundlagen/Tramberend/Klausuren/CGG_Tramberend_SS17_K_V01.pdf
Medieninformatik Bachelor/03. Semester/Computergrafik Grundlagen/Tramberend/Klausuren/Computergrafik_SS_18_Tramberend.pdf	Medieninformatik Bachelor/03. Semester/Computergrafik Grundlagen/Tramberend/Klausuren/CGG_Tramberend_SS18_K_V01.pdf
Medieninformatik Bachelor/03. Semester/Computergrafik Grundlagen/Tramberend/Klausuren/Computergrafik_WS_17_18_Tramberend.pdf	Medieninformatik Bachelor/03. Semester/Computergrafik Grundlagen/Tramberend/Klausuren/CGG_Tramberend_WS17-18_K_V01.pdf
Medieninformatik Bachelor/03. Semester/Computergrafik Grundlagen/Tramberend/Klausuren/Tramberend - 2010-WS - 1.pdf	Medieninformatik Bachelor/03. Semester/Computergrafik Grundlagen/Tramberend/Klausuren/CGG_Tramberend_WS10-11_K_V01.pdf
Medieninformatik Bachelor/03. Semester/Computergrafik Grundlagen/Tramberend/Klausuren/Tramberend - 2016-WS - 1.pdf	Medieninformatik Bachelor/03. Semester/Computergrafik Grundlagen/Tramberend/Klausuren/CGG_Tramberend_WS16-17_K_V01.pdf
Medieninformatik Bachelor/03. Semester/Computergrafik Grundlagen/Tramberend/Klausuren/Tramberend - 2017-SS - 1.pdf	Medieninformatik Bachelor/03. Semester/Computergrafik Grundlagen/Tramberend/Klausuren/CGG_Tramberend_SS17_K_V02.pdf
Medieninformatik Bachelor/03. Semester/Computergrafik Grundlagen/Tramberend/Klausuren/Tramberend - 2017-SS - Halbzeittest - 1.pdf	Medieninformatik Bachelor/03. Semester/Computergrafik Grundlagen/Tramberend/Klausuren/CGG_Tramberend_SS17_K_V03.pdf
Medieninformatik Bachelor/03. Semester/Computergrafik Grundlagen/Tramberend/Klausuren/Tramberend - 2017-SS - Halbzeittest - 2.pdf	Medieninformatik Bachelor/03. Semester/Computergrafik Grundlagen/Tramberend/Klausuren/CGG_Tramberend_SS17_K_V04.pdf
Medieninformatik Bachelor/03. Semester/Computergrafik Grundlagen/Tramberend/Klausuren/Tramberend - 2017-WS - 1.pdf	Medieninformatik Bachelor/03. Semester/Computergrafik Grundlagen/Tramberend/Klausuren/CGG_Tramberend_WS17-18_K_V02.pdf
Medieninformatik Bachelor/03. Semester/Computergrafik Grundlagen/Tramberend/Klausuren/Tramberend_CG1_SoSe17.pdf	Medieninformatik Bachelor/03. Semester/Computergrafik Grundlagen/Tramberend/Klausuren/CGG_Tramberend_SS17_K_V05.pdf
Medieninformatik Bachelor/03. Semester/Computergrafik Grundlagen/Tramberend/Klausuren/photos-1.dropbox.com.url	Medieninformatik Bachelor/03. Semester/Computergrafik Grundlagen/Tramberend/Klausuren/CGG_Tramberend_Zeit-unbekannt_K_V02.url
Medieninformatik Bachelor/03. Semester/Computergrafik Grundlagen/Yasin/Klausuren/CG_WS1213_Yasin.pdf	Medieninformatik Bachelor/03. Semester/Computergrafik Grundlagen/Yasin/Klausuren/CGG_Yasin_WS12-13_K_V01.pdf
Medieninformatik Bachelor/03. Semester/Computergrafik Grundlagen/Yasin/Klausuren/Yasin - 2012-WS - 1.pdf	Medieninformatik Bachelor/03. Semester/Computergrafik Grundlagen/Yasin/Klausuren/CGG_Yasin_WS12-13_K_V02.pdf
Medieninformatik Bachelor/03. Semester/Medientechnologien/Hoehnemann/Klausuren/Hoehnemann - 2017-SS - 1.pdf	Medieninformatik Bachelor/03. Semester/Medientechnologien/Hoehnemann/Klausuren/MT_Hoenemann_SS17_K_V01.pdf
Medieninformatik Bachelor/03. Semester/Medientechnologien/Lohr/Klausuren/Lohr - 2012-WS - 1.pdf	Medieninformatik Bachelor/03. Semester/Medientechnologien/Lohr/Klausuren/MT_Lohr_WS12-13_K_V01.pdf
Medieninformatik Bachelor/03. Semester/Medientechnologien/Lohr/Klausuren/Lohr - 2012-WS - 2.pdf	Medieninformatik Bachelor/03. Semester/Medientechnologien/Lohr/Klausuren/MT_Lohr_WS12-13_K_V02.pdf
Medieninformatik Bachelor/03. Semester/Medientechnologien/Lohr/Klausuren/Lohr - 2016-SS - 1.pdf	Medieninformatik Bachelor/03. Semester/Medientechnologien/Lohr/Klausuren/MT_Lohr_SS16_K_V01.pdf
Medieninformatik Bachelor/03. Semester/Medientechnologien/Lohr/Klausuren/Lohr - 2023-SS - 1.pdf	Medieninformatik Bachelor/03. Semester/Medientechnologien/Lohr/Klausuren/MT_Lohr_SS23_K_V01.pdf
Medieninformatik Bachelor/03. Semester/Medientechnologien/Lohr/Klausuren/MTA_Lohr_SS16_1PZ.pdf	Medieninformatik Bachelor/03. Semester/Medientechnologien/Lohr/Klausuren/MT_Lohr_SS16_K_PZ1.pdf
Medieninformatik Bachelor/03. Semester/Medientechnologien/Lohr/Klausuren/mta-lohr-hk-ss11.pdf	Medieninformatik Bachelor/03. Semester/Medientechnologien/Lohr/Klausuren/MT_Lohr_SS11_K_V01.pdf
Medieninformatik Bachelor/03. Semester/Medientechnologien/Mixdorff/Klausuren/MMT_Klausur_SS2014.pdf	Medieninformatik Bachelor/03. Semester/Medientechnologien/Mixdorff/Klausuren/MT_Mixdorff_SS14_K_V01.pdf
Medieninformatik Bachelor/03. Semester/Medientechnologien/Mixdorff/Klausuren/MMT_Klausur_WS2010.pdf	Medieninformatik Bachelor/03. Semester/Medientechnologien/Mixdorff/Klausuren/MT_Mixdorff_WS10-11_K_V01.pdf
Medieninformatik Bachelor/03. Semester/Medientechnologien/Mixdorff/Klausuren/Medientechnologie_WS_17_18_Mixdorff.pdf	Medieninformatik Bachelor/03. Semester/Medientechnologien/Mixdorff/Klausuren/MT_Mixdorff_WS17-18_K_V01.pdf
Medieninformatik Bachelor/03. Semester/Medientechnologien/Mixdorff/Klausuren/Mixdorff - 2001-SS - 1.pdf	Medieninformatik Bachelor/03. Semester/Medientechnologien/Mixdorff/Klausuren/MT_Mixdorff_SS01_K_V01.pdf
Medieninformatik Bachelor/03. Semester/Medientechnologien/Mixdorff/Klausuren/Mixdorff - 2009-WS - 1.pdf	Medieninformatik Bachelor/03. Semester/Medientechnologien/Mixdorff/Klausuren/MT_Mixdorff_WS09-10_K_V01.pdf
Medieninformatik Bachelor/03. Semester/Medientechnologien/Mixdorff/Klausuren/Mixdorff - 2009-WS - 2.pdf	Medieninformatik Bachelor/03. Semester/Medientechnologien/Mixdorff/Klausuren/MT_Mixdorff_WS09-10_K_V02.pdf
Medieninformatik Bachelor/03. Semester/Medientechnologien/Mixdorff/Klausuren/Mixdorff - 2010-SS - 1.pdf	Medieninformatik Bachelor/03. Semester/Medientechnologien/Mixdorff/Klausuren/MT_Mixdorff_SS10_K_V01.pdf
Medieninformatik Bachelor/03. Semester/Medientechnologien/Mixdorff/Klausuren/Mixdorff - 2010-SS - 2.pdf	Medieninformatik Bachelor/03. Semester/Medientechnologien/Mixdorff/Klausuren/MT_Mixdorff_SS10_K_V02.pdf
Medieninformatik Bachelor/03. Semester/Medientechnologien/Mixdorff/Klausuren/Mixdorff - 2010-WS - 1.pdf	Medieninformatik Bachelor/03. Semester/Medientechnologien/Mixdorff/Klausuren/MT_Mixdorff_WS10-11_K_V02.pdf
Medieninformatik Bachelor/03. Semester/Medientechnologien/Mixdorff/Klausuren/Mixdorff - 2010-WS - 2.pdf	Medieninformatik Bachelor/03. Semester/Medientechnologien/Mixdorff/Klausuren/MT_Mixdorff_WS10-11_K_V03.pdf
Medieninformatik Bachelor/03. Semester/Medientechnologien/Mixdorff/Klausuren/Mixdorff - 2010-WS - 3.pdf	Medieninformatik Bachelor/03. Semester/Medientechnologien/Mixdorff/Klausuren/MT_Mixdorff_WS10-11_K_V04.pdf
Medieninformatik Bachelor/03. Semester/Medientechnologien/Mixdorff/Klausuren/Mixdorff - 2011-SS - 1.pdf	Medieninformatik Bachelor/03. Semester/Medientechnologien/Mixdorff/Klausuren/MT_Mixdorff_SS11_K_V01.pdf
Medieninformatik Bachelor/03. Semester/Medientechnologien/Mixdorff/Klausuren/Mixdorff - 2011-WS - 1.pdf	Medieninformatik Bachelor/03. Semester/Medientechnologien/Mixdorff/Klausuren/MT_Mixdorff_WS11-12_K_V01.pdf
Medieninformatik Bachelor/03. Semester/Medientechnologien/Mixdorff/Klausuren/Mixdorff - 2012-WS - 1.pdf	Medieninformatik Bachelor/03. Semester/Medientechnologien/Mixdorff/Klausuren/MT_Mixdorff_WS12-13_K_V01.pdf
Medieninformatik Bachelor/03. Semester/Medientechnologien/Mixdorff/Klausuren/Mixdorff - 2012-WS - 2.pdf	Medieninformatik Bachelor/03. Semester/Medientechnologien/Mixdorff/Klausuren/MT_Mixdorff_WS12-13_K_V02.pdf
Medieninformatik Bachelor/03. Semester/Medientechnologien/Mixdorff/Klausuren/Mixdorff - 2013-WS - 1.pdf	Medieninformatik Bachelor/03. Semester/Medientechnologien/Mixdorff/Klausuren/MT_Mixdorff_WS13-14_K_V01.pdf
Medieninformatik Bachelor/03. Semester/Medientechnologien/Mixdorff/Klausuren/Mixdorff - 2013-WS - 2.pdf	Medieninformatik Bachelor/03. Semester/Medientechnologien/Mixdorff/Klausuren/MT_Mixdorff_WS13-14_K_V02.pdf
Medieninformatik Bachelor/03. Semester/Medientechnologien/Mixdorff/Klausuren/Mixdorff - 2014-SS - 1.pdf	Medieninformatik Bachelor/03. Semester/Medientechnologien/Mixdorff/Klausuren/MT_Mixdorff_SS14_K_V02.pdf
Medieninformatik Bachelor/03. Semester/Medientechnologien/Mixdorff/Klausuren/Mixdorff - 2014-SS - 2.pdf	Medieninformatik Bachelor/03. Semester/Medientechnologien/Mixdorff/Klausuren/MT_Mixdorff_SS14_K_V03.pdf
Medieninformatik Bachelor/03. Semester/Medientechnologien/Mixdorff/Klausuren/Mixdorff - 2017-WS - 1.pdf	Medieninformatik Bachelor/03. Semester/Medientechnologien/Mixdorff/Klausuren/MT_Mixdorff_WS17-18_K_V02.pdf
Medieninformatik Bachelor/03. Semester/Medientechnologien/Mixdorff/Klausuren/mta-mixdorf-ws11-1.pdf	Medieninformatik Bachelor/03. Semester/Medientechnologien/Mixdorff/Klausuren/MT_Mixdorff_WS11-12_K_V02.pdf
Medieninformatik Bachelor/03. Semester/Medientechnologien/Mixdorff/Klausuren/mta-mixdorff-2001ss.pdf	Medieninformatik Bachelor/03. Semester/Medientechnologien/Mixdorff/Klausuren/MT_Mixdorff_SS01_K_V02.pdf
Medieninformatik Bachelor/03. Semester/Medientechnologien/Mixdorff/Klausuren/mta-mixdorff-2011ss.pdf	Medieninformatik Bachelor/03. Semester/Medientechnologien/Mixdorff/Klausuren/MT_Mixdorff_SS11_K_V02.pdf
Medieninformatik Bachelor/03. Semester/Medientechnologien/Mixdorff/Klausuren/mta-mixdorff-2012ws.pdf	Medieninformatik Bachelor/03. Semester/Medientechnologien/Mixdorff/Klausuren/MT_Mixdorff_WS12-13_K_V03.pdf
Medieninformatik Bachelor/03. Semester/Medientechnologien/Mixdorff/Klausuren/mta-mixdorff-2014ss.pdf	Medieninformatik Bachelor/03. Semester/Medientechnologien/Mixdorff/Klausuren/MT_Mixdorff_SS14_K_V04.pdf
Medieninformatik Bachelor/03. Semester/Medientechnologien/Mixdorff/Klausuren/mta-mixdorff-hk-ws11.pdf	Medieninformatik Bachelor/03. Semester/Medientechnologien/Mixdorff/Klausuren/MT_Mixdorff_WS11-12_K_V03.pdf
Medieninformatik Bachelor/03. Semester/Medientechnologien/Mixdorff/Klausuren/mta-mixdorff-ss10.pdf	Medieninformatik Bachelor/03. Semester/Medientechnologien/Mixdorff/Klausuren/MT_Mixdorff_SS10_K_V03.pdf
Medieninformatik Bachelor/03. Semester/Medientechnologien/Mixdorff/Klausuren/mta-mixdorff-ws09-Lösung.pdf	Medieninformatik Bachelor/03. Semester/Medientechnologien/Mixdorff/Klausuren/MT_Mixdorff_WS09-10_K_V03_L.pdf
Medieninformatik Bachelor/03. Semester/Medientechnologien/Mixdorff/Klausuren/mta-mixdorff-ws09.pdf	Medieninformatik Bachelor/03. Semester/Medientechnologien/Mixdorff/Klausuren/MT_Mixdorff_WS09-10_K_V04.pdf
Medieninformatik Bachelor/03. Semester/Medientechnologien/Mixdorff/Klausuren/mta-mixdorff-ws10.pdf	Medieninformatik Bachelor/03. Semester/Medientechnologien/Mixdorff/Klausuren/MT_Mixdorff_WS10-11_K_V05.pdf
Medieninformatik Bachelor/03. Semester/Medientechnologien/Nicht zugeordnet/Klausuren/2010ws-1.pdf	Medieninformatik Bachelor/03. Semester/Medientechnologien/Nicht zugeordnet/Klausuren/MT_Unbekannt_WS10-11_K_V01.pdf
Medieninformatik Bachelor/03. Semester/Medientechnologien/Nicht zugeordnet/Klausuren/2013ws-1.pdf	Medieninformatik Bachelor/03. Semester/Medientechnologien/Nicht zugeordnet/Klausuren/MT_Unbekannt_WS13-14_K_V01.pdf
Medieninformatik Bachelor/03. Semester/Medientechnologien/Nicht zugeordnet/Klausuren/2013ws-2.pdf	Medieninformatik Bachelor/03. Semester/Medientechnologien/Nicht zugeordnet/Klausuren/MT_Unbekannt_WS13-14_K_V02.pdf
Medieninformatik Bachelor/03. Semester/Medientechnologien/Nicht zugeordnet/Klausuren/HöhnemannSS17.pdf	Medieninformatik Bachelor/03. Semester/Medientechnologien/Nicht zugeordnet/Klausuren/MT_Unbekannt_SS17_K_V01.pdf
Medieninformatik Bachelor/03. Semester/Medientechnologien/Nicht zugeordnet/Klausuren/MMT_Klausur_WS2012.pdf	Medieninformatik Bachelor/03. Semester/Medientechnologien/Nicht zugeordnet/Klausuren/MT_Unbekannt_WS12-13_K_V01.pdf
Medieninformatik Bachelor/03. Semester/Medientechnologien/Nicht zugeordnet/Klausuren/MTA_AltKlausur0001.pdf	Medieninformatik Bachelor/03. Semester/Medientechnologien/Nicht zugeordnet/Klausuren/MT_Unbekannt_Zeit-unbekannt_K_V01.pdf
Medieninformatik Bachelor/03. Semester/Medientechnologien/Nicht zugeordnet/Klausuren/MTA_Altklausur0002.pdf	Medieninformatik Bachelor/03. Semester/Medientechnologien/Nicht zugeordnet/Klausuren/MT_Unbekannt_Zeit-unbekannt_K_V02.pdf
Medieninformatik Bachelor/03. Semester/Medientechnologien/Nicht zugeordnet/Lernhilfen/Zusammenfassung.pdf	Medieninformatik Bachelor/03. Semester/Medientechnologien/Nicht zugeordnet/Lernhilfen/MT_Unbekannt_Zeit-unbekannt_Z_V01_Zusammenfassung.pdf
Medieninformatik Bachelor/03. Semester/Software Engineering I/Graupner/Klausuren/Graupner - 2016-WS - 1.pdf	Medieninformatik Bachelor/03. Semester/Software Engineering I/Graupner/Klausuren/SE1_Graupner_WS16-17_K_V01.pdf
Medieninformatik Bachelor/03. Semester/Software Engineering I/Petrasch/Klausuren/Petrasch - 2008-WS - 1.pdf	Medieninformatik Bachelor/03. Semester/Software Engineering I/Petrasch/Klausuren/SE1_Petrasch_WS08-09_K_V01.pdf
Medieninformatik Bachelor/03. Semester/Software Engineering I/Petrasch/Klausuren/Petrasch - 2008-WS - 2.pdf	Medieninformatik Bachelor/03. Semester/Software Engineering I/Petrasch/Klausuren/SE1_Petrasch_WS08-09_K_V02.pdf
Medieninformatik Bachelor/03. Semester/Software Engineering I/Petrasch/Klausuren/SE1 Petrasch WS0809 (In Konflikt stehende Kopie von Philippus Casparus 2012-12-17).pdf	Medieninformatik Bachelor/03. Semester/Software Engineering I/Petrasch/Klausuren/SE1_Petrasch_WS08-09_K_V03.pdf
Medieninformatik Bachelor/03. Semester/Software Engineering I/Petrasch/Klausuren/SE1 Petrasch WS0809.pdf	Medieninformatik Bachelor/03. Semester/Software Engineering I/Petrasch/Klausuren/SE1_Petrasch_WS08-09_K_V04.pdf
Medieninformatik Bachelor/03. Semester/Software Engineering I/Petrasch/Klausuren/WS0809_SE1_Petrasch.pdf	Medieninformatik Bachelor/03. Semester/Software Engineering I/Petrasch/Klausuren/SE1_Petrasch_WS08-09_K_V05.pdf
Medieninformatik Bachelor/03. Semester/Software Engineering I/Schmiedecke/Klausuren/SE1_Folien_Schmiedecke.zip	Medieninformatik Bachelor/03. Semester/Software Engineering I/Schmiedecke/Klausuren/SE1_Schmiedecke_Zeit-unbekannt_K_V01_SE1-Folien-Schmiedecke.zip
Medieninformatik Bachelor/03. Semester/Software Engineering I/Schmiedecke/Klausuren/SE1_SS06_Schmiedecke.pdf	Medieninformatik Bachelor/03. Semester/Software Engineering I/Schmiedecke/Klausuren/SE1_Schmiedecke_SS06_K_V01.pdf
Medieninformatik Bachelor/03. Semester/Software Engineering I/Schmiedecke/Klausuren/SE1_SS07.2_Schmiedecke.pdf	Medieninformatik Bachelor/03. Semester/Software Engineering I/Schmiedecke/Klausuren/SE1_Schmiedecke_SS07_K_V01.pdf
Medieninformatik Bachelor/03. Semester/Software Engineering I/Schmiedecke/Klausuren/SE1_SS07_Schmiedecke.pdf	Medieninformatik Bachelor/03. Semester/Software Engineering I/Schmiedecke/Klausuren/SE1_Schmiedecke_SS07_K_V02.pdf
Medieninformatik Bachelor/03. Semester/Software Engineering I/Schmiedecke/Klausuren/SE1_SS08_Schmiedecke.pdf	Medieninformatik Bachelor/03. Semester/Software Engineering I/Schmiedecke/Klausuren/SE1_Schmiedecke_SS08_K_V01.pdf
Medieninformatik Bachelor/03. Semester/Software Engineering I/Schmiedecke/Klausuren/SE1_SS11_Schmiedecke.pdf	Medieninformatik Bachelor/03. Semester/Software Engineering I/Schmiedecke/Klausuren/SE1_Schmiedecke_SS11_K_V01.pdf
Medieninformatik Bachelor/03. Semester/Software Engineering I/Schmiedecke/Klausuren/SE1_SS11_Schmiedecke_Nachklausur.pdf	Medieninformatik Bachelor/03. Semester/Software Engineering I/Schmiedecke/Klausuren/SE1_Schmiedecke_SS11_K_NK.pdf
Medieninformatik Bachelor/03. Semester/Software Engineering I/Schmiedecke/Klausuren/Schmiedecke - 2006-SS - 1.pdf	Medieninformatik Bachelor/03. Semester/Software Engineering I/Schmiedecke/Klausuren/SE1_Schmiedecke_SS06_K_V02.pdf
Medieninformatik Bachelor/03. Semester/Software Engineering I/Schmiedecke/Klausuren/Schmiedecke - 2007-SS - 1.pdf	Medieninformatik Bachelor/03. Semester/Software Engineering I/Schmiedecke/Klausuren/SE1_Schmiedecke_SS07_K_V03.pdf
Medieninformatik Bachelor/03. Semester/Software Engineering I/Schmiedecke/Klausuren/Schmiedecke - 2007-SS - 2.pdf	Medieninformatik Bachelor/03. Semester/Software Engineering I/Schmiedecke/Klausuren/SE1_Schmiedecke_SS07_K_V04.pdf
Medieninformatik Bachelor/03. Semester/Software Engineering I/Schmiedecke/Klausuren/Schmiedecke - 2008-SS - 1.pdf	Medieninformatik Bachelor/03. Semester/Software Engineering I/Schmiedecke/Klausuren/SE1_Schmiedecke_SS08_K_V02.pdf
Medieninformatik Bachelor/03. Semester/Software Engineering I/Schmiedecke/Klausuren/Schmiedecke - 2011-SS - 1.pdf	Medieninformatik Bachelor/03. Semester/Software Engineering I/Schmiedecke/Klausuren/SE1_Schmiedecke_SS11_K_V02.pdf
Medieninformatik Bachelor/03. Semester/Software Engineering I/Schmiedecke/Klausuren/Schmiedecke - 2011-SS - 2.pdf	Medieninformatik Bachelor/03. Semester/Software Engineering I/Schmiedecke/Klausuren/SE1_Schmiedecke_SS11_K_V03.pdf
Medieninformatik Bachelor/03. Semester/Software Engineering I/Zeimer/Klausuren/Zeimer - 2010-SS - 1.pdf	Medieninformatik Bachelor/03. Semester/Software Engineering I/Zeimer/Klausuren/SE1_Zeimer_SS10_K_V01.pdf
Medieninformatik Bachelor/03. Semester/Software Engineering I/Ziemer/Klausuren/SE1 Ziemer WS07.pdf	Medieninformatik Bachelor/03. Semester/Software Engineering I/Ziemer/Klausuren/SE1_Ziemer_WS07-08_K_V01.pdf
Medieninformatik Bachelor/03. Semester/Software Engineering I/Ziemer/Klausuren/SE1_WS1314_Ziemer.pdf	Medieninformatik Bachelor/03. Semester/Software Engineering I/Ziemer/Klausuren/SE1_Ziemer_WS13-14_K_V01.pdf
Medieninformatik Bachelor/03. Semester/Software Engineering I/Ziemer/Klausuren/SoftwareEngineering_1_Ziemer_SoSe2017.pdf	Medieninformatik Bachelor/03. Semester/Software Engineering I/Ziemer/Klausuren/SE1_Ziemer_SS17_K_V01.pdf
Medieninformatik Bachelor/03. Semester/Software Engineering I/Ziemer/Klausuren/Software_Engineer_I_WS_17_18_Ziemers.pdf	Medieninformatik Bachelor/03. Semester/Software Engineering I/Ziemer/Klausuren/SE1_Ziemer_WS17-18_K_V01.pdf
Medieninformatik Bachelor/03. Semester/Software Engineering I/Ziemer/Klausuren/Ziemer - 2007-WS - 1.pdf	Medieninformatik Bachelor/03. Semester/Software Engineering I/Ziemer/Klausuren/SE1_Ziemer_WS07-08_K_V02.pdf
Medieninformatik Bachelor/03. Semester/Software Engineering I/Ziemer/Klausuren/Ziemer - 2013-WS - 1.pdf	Medieninformatik Bachelor/03. Semester/Software Engineering I/Ziemer/Klausuren/SE1_Ziemer_WS13-14_K_V02.pdf
Medieninformatik Bachelor/03. Semester/Software Engineering I/Ziemer/Klausuren/Ziemer - 2017-SS - 1.pdf	Medieninformatik Bachelor/03. Semester/Software Engineering I/Ziemer/Klausuren/SE1_Ziemer_SS17_K_V02.pdf
Medieninformatik Bachelor/03. Semester/Software Engineering I/Ziemer/Klausuren/Ziemer - 2017-WS - 1.pdf	Medieninformatik Bachelor/03. Semester/Software Engineering I/Ziemer/Klausuren/SE1_Ziemer_WS17-18_K_V02.pdf
Medieninformatik Bachelor/03. Semester/Software Engineering I/Ziemer/Klausuren/Ziemer - 2018-WS 1.pdf	Medieninformatik Bachelor/03. Semester/Software Engineering I/Ziemer/Klausuren/SE1_Ziemer_WS18-19_K_V01.pdf
Medieninformatik Bachelor/03. Semester/Software Engineering I/Ziemer/Klausuren/se1-ziemer-ss10 (Maks M.s in Konflikt stehende Kopie 2014-01-30).pdf	Medieninformatik Bachelor/03. Semester/Software Engineering I/Ziemer/Klausuren/SE1_Ziemer_SS10_K_V01.pdf
Medieninformatik Bachelor/03. Semester/Software Engineering I/Ziemer/Klausuren/se1-ziemer-ss10.pdf	Medieninformatik Bachelor/03. Semester/Software Engineering I/Ziemer/Klausuren/SE1_Ziemer_SS10_K_V02.pdf
Medieninformatik Bachelor/03. Semester/Software Engineering I/Ziemer/Klausuren/se1-ziemer-ws07_ohne antworten.pdf	Medieninformatik Bachelor/03. Semester/Software Engineering I/Ziemer/Klausuren/SE1_Ziemer_WS07-08_K_V03_blanko.pdf
Medieninformatik Bachelor/03. Semester/Verteilte Systeme/Brecht/Klausuren/Brecht - 2014-SS - 1.pdf	Medieninformatik Bachelor/03. Semester/Verteilte Systeme/Brecht/Klausuren/VS_Brecht_SS14_K_V01.pdf
Medieninformatik Bachelor/03. Semester/Verteilte Systeme/Brecht/Klausuren/Brecht - 2017-SS - 1.pdf	Medieninformatik Bachelor/03. Semester/Verteilte Systeme/Brecht/Klausuren/VS_Brecht_SS17_K_V01.pdf
Medieninformatik Bachelor/03. Semester/Verteilte Systeme/Brecht/Klausuren/Brecht - 2017-WS - 1.pdf	Medieninformatik Bachelor/03. Semester/Verteilte Systeme/Brecht/Klausuren/VS_Brecht_WS17-18_K_V01.pdf
Medieninformatik Bachelor/03. Semester/Verteilte Systeme/Brecht/Klausuren/VS_Brecht_WS17_18_PZ1.pdf	Medieninformatik Bachelor/03. Semester/Verteilte Systeme/Brecht/Klausuren/VS_Brecht_WS17-18_K_PZ1.pdf
Medieninformatik Bachelor/03. Semester/Verteilte Systeme/Brecht/Klausuren/VS_SS14_Brecht.pdf	Medieninformatik Bachelor/03. Semester/Verteilte Systeme/Brecht/Klausuren/VS_Brecht_SS14_K_V02.pdf
Medieninformatik Bachelor/03. Semester/Verteilte Systeme/Brecht/Klausuren/VerteilteSysteme_Brecht_SoSe2017.pdf	Medieninformatik Bachelor/03. Semester/Verteilte Systeme/Brecht/Klausuren/VS_Brecht_SS17_K_V02.pdf
Medieninformatik Bachelor/03. Semester/Verteilte Systeme/Coskun/Klausuren/Coskun - 2015-SS - 1.pdf	Medieninformatik Bachelor/03. Semester/Verteilte Systeme/Coskun/Klausuren/VS_Coskun_SS15_K_V01.pdf
Medieninformatik Bachelor/03. Semester/Verteilte Systeme/Coskun/Klausuren/Coskun - 2016-SS - 1.pdf	Medieninformatik Bachelor/03. Semester/Verteilte Systeme/Coskun/Klausuren/VS_Coskun_SS16_K_V01.pdf
Medieninformatik Bachelor/03. Semester/Verteilte Systeme/Coskun/Klausuren/VS_SS15_Coskun.pdf	Medieninformatik Bachelor/03. Semester/Verteilte Systeme/Coskun/Klausuren/VS_Coskun_SS15_K_V02.pdf
Medieninformatik Bachelor/03. Semester/Verteilte Systeme/Coskun/Klausuren/VS_SS16_Coskun.pdf	Medieninformatik Bachelor/03. Semester/Verteilte Systeme/Coskun/Klausuren/VS_Coskun_SS16_K_V02.pdf
Medieninformatik Bachelor/03. Semester/Verteilte Systeme/Goehrlich/Klausuren/Goehrlich - 2010-WS - 1.pdf	Medieninformatik Bachelor/03. Semester/Verteilte Systeme/Goehrlich/Klausuren/VS_Goehrlich_WS10-11_K_V01.pdf
Medieninformatik Bachelor/03. Semester/Verteilte Systeme/Goehrlich/Klausuren/VS_WS1011_Görlich.pdf	Medieninformatik Bachelor/03. Semester/Verteilte Systeme/Goehrlich/Klausuren/VS_Goehrlich_WS10-11_K_V02.pdf
Medieninformatik Bachelor/03. Semester/Verteilte Systeme/Junkes/Klausuren/Junkes - 2008-WS - 1.pdf	Medieninformatik Bachelor/03. Semester/Verteilte Systeme/Junkes/Klausuren/VS_Junkes_WS08-09_K_V01.pdf
Medieninformatik Bachelor/03. Semester/Verteilte Systeme/Junkes/Klausuren/Junkes - 2008-WS - 2.pdf	Medieninformatik Bachelor/03. Semester/Verteilte Systeme/Junkes/Klausuren/VS_Junkes_WS08-09_K_V02.pdf
Medieninformatik Bachelor/03. Semester/Verteilte Systeme/Junkes/Klausuren/VS1 Junkes WS0809.pdf	Medieninformatik Bachelor/03. Semester/Verteilte Systeme/Junkes/Klausuren/VS_Junkes_WS08-09_K_V03.pdf
Medieninformatik Bachelor/03. Semester/Verteilte Systeme/Junkes/Klausuren/WS0809_VS1_Junkes.pdf	Medieninformatik Bachelor/03. Semester/Verteilte Systeme/Junkes/Klausuren/VS_Junkes_WS08-09_K_V04.pdf
Medieninformatik Bachelor/03. Semester/Verteilte Systeme/Kordecki/Klausuren/Kordecki - 2007-SS - 1.pdf	Medieninformatik Bachelor/03. Semester/Verteilte Systeme/Kordecki/Klausuren/VS_Kordecki_SS07_K_V01.pdf
Medieninformatik Bachelor/03. Semester/Verteilte Systeme/Kordecki/Klausuren/VS1 Kordecki SS07.pdf	Medieninformatik Bachelor/03. Semester/Verteilte Systeme/Kordecki/Klausuren/VS_Kordecki_SS07_K_V02.pdf
Medieninformatik Bachelor/03. Semester/Verteilte Systeme/Nicht zugeordnet/Uebungen/README.md	Medieninformatik Bachelor/03. Semester/Verteilte Systeme/Nicht zugeordnet/Uebungen/VS_Unbekannt_Zeit-unbekannt_UE_V01_README.md
Medieninformatik Bachelor/03. Semester/Verteilte Systeme/Nicht zugeordnet/Uebungen/Uebung_1.pdf	Medieninformatik Bachelor/03. Semester/Verteilte Systeme/Nicht zugeordnet/Uebungen/VS_Unbekannt_Zeit-unbekannt_UE_V02_Uebung-1.pdf
Medieninformatik Bachelor/03. Semester/Verteilte Systeme/Nicht zugeordnet/Uebungen/Uebung_3.pdf	Medieninformatik Bachelor/03. Semester/Verteilte Systeme/Nicht zugeordnet/Uebungen/VS_Unbekannt_Zeit-unbekannt_UE_V03_Uebung-3.pdf
Medieninformatik Bachelor/03. Semester/Verteilte Systeme/Schneider/Klausuren/Schneider - 2011-SS - 1.pdf	Medieninformatik Bachelor/03. Semester/Verteilte Systeme/Schneider/Klausuren/VS_Schneider_SS11_K_V01.pdf
Medieninformatik Bachelor/03. Semester/Verteilte Systeme/Schneider/Klausuren/VS_SS11_Schneider.pdf	Medieninformatik Bachelor/03. Semester/Verteilte Systeme/Schneider/Klausuren/VS_Schneider_SS11_K_V02.pdf
Medieninformatik Bachelor/03. Semester/Verteilte Systeme/Troeger/Klausuren/Tröger - 2019-WS - 1.pdf	Medieninformatik Bachelor/03. Semester/Verteilte Systeme/Troeger/Klausuren/VS_Troeger_WS19-20_K_V01.pdf
Medieninformatik Bachelor/03. Semester/Web Engineering I/Nicht zugeordnet/Klausuren/mme1.pdf	Medieninformatik Bachelor/03. Semester/Web Engineering I/Nicht zugeordnet/Klausuren/WE1_Unbekannt_Zeit-unbekannt_K_V01.pdf
Medieninformatik Bachelor/03. Semester/Web Engineering I/Pavlista/Klausuren/MME1_WS1314_Pavlista.pdf	Medieninformatik Bachelor/03. Semester/Web Engineering I/Pavlista/Klausuren/WE1_Pavlista_WS13-14_K_V01.pdf
Medieninformatik Bachelor/03. Semester/Web Engineering I/Pavlista/Klausuren/Pavlista - 2013-WS - 1.pdf	Medieninformatik Bachelor/03. Semester/Web Engineering I/Pavlista/Klausuren/WE1_Pavlista_WS13-14_K_V02.pdf
Medieninformatik Bachelor/03. Semester/Web Engineering I/Pavlista/Klausuren/Pavlista - XXXXWS - 1.pdf	Medieninformatik Bachelor/03. Semester/Web Engineering I/Pavlista/Klausuren/WE1_Pavlista_Zeit-unbekannt_K_V01.pdf
Medieninformatik Bachelor/03. Semester/Web Engineering I/Schiele/Klausuren/Schiele - 2011-SS - 1.pdf	Medieninformatik Bachelor/03. Semester/Web Engineering I/Schiele/Klausuren/WE1_Schiele_SS11_K_V01.pdf
Medieninformatik Bachelor/03. Semester/Web Engineering I/Schiele/Klausuren/Schiele - 2011-SS - 2.pdf	Medieninformatik Bachelor/03. Semester/Web Engineering I/Schiele/Klausuren/WE1_Schiele_SS11_K_V02.pdf
Medieninformatik Bachelor/03. Semester/Web Engineering I/Schiele/Klausuren/mme1-schiele-ss11.pdf	Medieninformatik Bachelor/03. Semester/Web Engineering I/Schiele/Klausuren/WE1_Schiele_SS11_K_V03.pdf
Medieninformatik Bachelor/03. Semester/Web Engineering I/Scholl/Klausuren/Scholl - 2007-SS - 1.pdf	Medieninformatik Bachelor/03. Semester/Web Engineering I/Scholl/Klausuren/WE1_Scholl_SS07_K_V01.pdf
Medieninformatik Bachelor/03. Semester/Web Engineering I/Scholl/Klausuren/Scholl - 2017-WS - 1.pdf	Medieninformatik Bachelor/03. Semester/Web Engineering I/Scholl/Klausuren/WE1_Scholl_WS17-18_K_V01.pdf
Medieninformatik Bachelor/03. Semester/Web Engineering I/Scholl/Klausuren/Scholl_WE1_SoSe17.pdf	Medieninformatik Bachelor/03. Semester/Web Engineering I/Scholl/Klausuren/WE1_Scholl_SS17_K_V01.pdf
Medieninformatik Bachelor/03. Semester/Web Engineering I/Scholl/Klausuren/Scholl_WebEngI_WS17_18_PZ1.pdf	Medieninformatik Bachelor/03. Semester/Web Engineering I/Scholl/Klausuren/WE1_Scholl_WS17-18_K_PZ1.pdf
Medieninformatik Bachelor/03. Semester/Web Engineering I/Stratmann/Klausuren/MME1 Stratmann SS07.pdf	Medieninformatik Bachelor/03. Semester/Web Engineering I/Stratmann/Klausuren/WE1_Stratmann_SS07_K_V01.pdf
Medieninformatik Bachelor/03. Semester/Web Engineering I/Stratmann/Klausuren/Stratmann - 2007-SS - 1.pdf	Medieninformatik Bachelor/03. Semester/Web Engineering I/Stratmann/Klausuren/WE1_Stratmann_SS07_K_V02.pdf
Medieninformatik Bachelor/04. Semester/Human-Computer Interaction/Nicht zugeordnet/Klausuren/HCI_2014_KlausurA.pdf	Medieninformatik Bachelor/04. Semester/Human-Computer Interaction/Nicht zugeordnet/Klausuren/HCI_Unbekannt_Zeit-unbekannt_K_V01.pdf
Medieninformatik Bachelor/04. Semester/Human-Computer Interaction/Schmiedecke/Klausuren/Schmiedecke - 2008-SS - 1.pdf	Medieninformatik Bachelor/04. Semester/Human-Computer Interaction/Schmiedecke/Klausuren/HCI_Schmiedecke_SS08_K_V01.pdf
Medieninformatik Bachelor/04. Semester/Human-Computer Interaction/Schmiedecke/Klausuren/Schmiedecke - 2008-SS - 2.pdf	Medieninformatik Bachelor/04. Semester/Human-Computer Interaction/Schmiedecke/Klausuren/HCI_Schmiedecke_SS08_K_V02.pdf
Medieninformatik Bachelor/04. Semester/Human-Computer Interaction/Schmiedecke/Klausuren/Schmiedecke - 2008-SS - 3.pdf	Medieninformatik Bachelor/04. Semester/Human-Computer Interaction/Schmiedecke/Klausuren/HCI_Schmiedecke_SS08_K_V03.pdf
Medieninformatik Bachelor/04. Semester/Human-Computer Interaction/Schmiedecke/Klausuren/Schmiedecke - 2008-WS - 1.pdf	Medieninformatik Bachelor/04. Semester/Human-Computer Interaction/Schmiedecke/Klausuren/HCI_Schmiedecke_WS08-09_K_V01.pdf
Medieninformatik Bachelor/04. Semester/Human-Computer Interaction/Schmiedecke/Klausuren/Schmiedecke - 2008-WS - 2.pdf	Medieninformatik Bachelor/04. Semester/Human-Computer Interaction/Schmiedecke/Klausuren/HCI_Schmiedecke_WS08-09_K_V02.pdf
Medieninformatik Bachelor/04. Semester/Human-Computer Interaction/Schmiedecke/Klausuren/Schmiedecke - 2010-WS - 1.pdf	Medieninformatik Bachelor/04. Semester/Human-Computer Interaction/Schmiedecke/Klausuren/HCI_Schmiedecke_WS10-11_K_V01.pdf
Medieninformatik Bachelor/04. Semester/Human-Computer Interaction/Schmiedecke/Klausuren/Schmiedecke - 2014-SS - 1.pdf	Medieninformatik Bachelor/04. Semester/Human-Computer Interaction/Schmiedecke/Klausuren/HCI_Schmiedecke_SS14_K_V01.pdf
Medieninformatik Bachelor/04. Semester/Human-Computer Interaction/Schmiedecke/Klausuren/Schmiedecke - 2014-SS - 2.pdf	Medieninformatik Bachelor/04. Semester/Human-Computer Interaction/Schmiedecke/Klausuren/HCI_Schmiedecke_SS14_K_V02.pdf
Medieninformatik Bachelor/04. Semester/Human-Computer Interaction/Schmiedecke/Klausuren/Schmiedecke - 2015-SS - 1.pdf	Medieninformatik Bachelor/04. Semester/Human-Computer Interaction/Schmiedecke/Klausuren/HCI_Schmiedecke_SS15_K_V01.pdf
Medieninformatik Bachelor/04. Semester/Human-Computer Interaction/Schmiedecke/Klausuren/hci-schmiedecke-SS08 (1).pdf	Medieninformatik Bachelor/04. Semester/Human-Computer Interaction/Schmiedecke/Klausuren/HCI_Schmiedecke_SS08_K_V04.pdf
Medieninformatik Bachelor/04. Semester/Human-Computer Interaction/Schmiedecke/Klausuren/hci-schmiedecke-ss08.pdf	Medieninformatik Bachelor/04. Semester/Human-Computer Interaction/Schmiedecke/Klausuren/HCI_Schmiedecke_SS08_K_V05.pdf
Medieninformatik Bachelor/04. Semester/Human-Computer Interaction/Schmiedecke/Klausuren/hci-schmiedecke-ss11.pdf	Medieninformatik Bachelor/04. Semester/Human-Computer Interaction/Schmiedecke/Klausuren/HCI_Schmiedecke_SS11_K_V01.pdf
Medieninformatik Bachelor/04. Semester/Human-Computer Interaction/Schmiedecke/Klausuren/hci-schmiedecke-ss14.pdf	Medieninformatik Bachelor/04. Semester/Human-Computer Interaction/Schmiedecke/Klausuren/HCI_Schmiedecke_SS14_K_V03.pdf
Medieninformatik Bachelor/04. Semester/Human-Computer Interaction/Schmiedecke/Klausuren/hci-schmiedecke-ss15.pdf	Medieninformatik Bachelor/04. Semester/Human-Computer Interaction/Schmiedecke/Klausuren/HCI_Schmiedecke_SS15_K_V02.pdf
Medieninformatik Bachelor/04. Semester/Human-Computer Interaction/Schmiedecke/Klausuren/hci-schmiedecke-ws08-01.pdf	Medieninformatik Bachelor/04. Semester/Human-Computer Interaction/Schmiedecke/Klausuren/HCI_Schmiedecke_WS08-01_K_V01.pdf
Medieninformatik Bachelor/04. Semester/Human-Computer Interaction/Schmiedecke/Klausuren/hci-schmiedecke-ws08.pdf	Medieninformatik Bachelor/04. Semester/Human-Computer Interaction/Schmiedecke/Klausuren/HCI_Schmiedecke_WS08-09_K_V03.pdf
Medieninformatik Bachelor/04. Semester/Human-Computer Interaction/Schmiedecke/Uebungen/hci-schmiedecke-ss08-Übung.pdf	Medieninformatik Bachelor/04. Semester/Human-Computer Interaction/Schmiedecke/Uebungen/HCI_Schmiedecke_SS08_UE_V01_hci-schmiedecke-ss08-Uebung.pdf
Medieninformatik Bachelor/04. Semester/Software Engineering II/Steppat/Klausuren/SE2_SS12_Steppat.pdf	Medieninformatik Bachelor/04. Semester/Software Engineering II/Steppat/Klausuren/SE2_Steppat_SS12_K_V01.pdf
Medieninformatik Bachelor/04. Semester/Software Engineering II/Steppat/Klausuren/Steppat - 2012-SS - 1.pdf	Medieninformatik Bachelor/04. Semester/Software Engineering II/Steppat/Klausuren/SE2_Steppat_SS12_K_V02.pdf
Medieninformatik Bachelor/04. Semester/Software Engineering II/Zeimer/Klausuren/Zeimer - 2009-WS - 1.pdf	Medieninformatik Bachelor/04. Semester/Software Engineering II/Zeimer/Klausuren/SE2_Zeimer_WS09-10_K_V01.pdf
Medieninformatik Bachelor/04. Semester/Software Engineering II/Ziemer/Klausuren/Ziemer - 2010-WS - 1.pdf	Medieninformatik Bachelor/04. Semester/Software Engineering II/Ziemer/Klausuren/SE2_Ziemer_WS10-11_K_V01.pdf
Medieninformatik Bachelor/04. Semester/Software Engineering II/Ziemer/Klausuren/Ziemer - 2011-WS - 1.pdf	Medieninformatik Bachelor/04. Semester/Software Engineering II/Ziemer/Klausuren/SE2_Ziemer_WS11-12_K_V01.pdf
Medieninformatik Bachelor/04. Semester/Software Engineering II/Ziemer/Klausuren/Ziemer - 2013-SS - 1.pdf	Medieninformatik Bachelor/04. Semester/Software Engineering II/Ziemer/Klausuren/SE2_Ziemer_SS13_K_V01.pdf
Medieninformatik Bachelor/04. Semester/Software Engineering II/Ziemer/Klausuren/Ziemer - 2014-SS - 1.pdf	Medieninformatik Bachelor/04. Semester/Software Engineering II/Ziemer/Klausuren/SE2_Ziemer_SS14_K_V01.pdf
Medieninformatik Bachelor/04. Semester/Software Engineering II/Ziemer/Klausuren/Ziemer - 2014-SS - 2.pdf	Medieninformatik Bachelor/04. Semester/Software Engineering II/Ziemer/Klausuren/SE2_Ziemer_SS14_K_V02.pdf
Medieninformatik Bachelor/04. Semester/Software Engineering II/Ziemer/Klausuren/Ziemer - 2018-SS - 1.pdf	Medieninformatik Bachelor/04. Semester/Software Engineering II/Ziemer/Klausuren/SE2_Ziemer_SS18_K_V01.pdf
Medieninformatik Bachelor/04. Semester/Software Engineering II/Ziemer/Klausuren/Ziemer - 2024-SS - 1_PZ - A - 1.pdf	Medieninformatik Bachelor/04. Semester/Software Engineering II/Ziemer/Klausuren/SE2_Ziemer_SS24_K_PZ1.pdf
Medieninformatik Bachelor/04. Semester/Software Engineering II/Ziemer/Klausuren/Ziemer - 2024-SS - 1_PZ - A - 2.pdf	Medieninformatik Bachelor/04. Semester/Software Engineering II/Ziemer/Klausuren/SE2_Ziemer_SS24_K_PZ1_D02.pdf
Medieninformatik Bachelor/04. Semester/Software Engineering II/Ziemer/Klausuren/Ziemer - 2024-SS - 1_PZ - B.pdf	Medieninformatik Bachelor/04. Semester/Software Engineering II/Ziemer/Klausuren/SE2_Ziemer_SS24_K_PZ1_D03.pdf
Medieninformatik Bachelor/04. Semester/Web Engineering II/Konert/Klausuren/Konert - 2015-WS - 1.pdf	Medieninformatik Bachelor/04. Semester/Web Engineering II/Konert/Klausuren/WE2_Konert_WS15-16_K_V01.pdf
Medieninformatik Bachelor/04. Semester/Web Engineering II/Konert/Klausuren/Konert - 2016-WS - 1 - Variante 2.pdf	Medieninformatik Bachelor/04. Semester/Web Engineering II/Konert/Klausuren/WE2_Konert_WS16-17_K_V01.pdf
Medieninformatik Bachelor/04. Semester/Web Engineering II/Konert/Klausuren/Konert - 2016-WS - 1.pdf	Medieninformatik Bachelor/04. Semester/Web Engineering II/Konert/Klausuren/WE2_Konert_WS16-17_K_V02.pdf
Medieninformatik Bachelor/04. Semester/Web Engineering II/Konert/Klausuren/Konert - 2016-WS - 2.pdf	Medieninformatik Bachelor/04. Semester/Web Engineering II/Konert/Klausuren/WE2_Konert_WS16-17_K_V03.pdf
Medieninformatik Bachelor/04. Semester/Web Engineering II/Konert/Klausuren/WE2_Konert_WS16_17.pdf	Medieninformatik Bachelor/04. Semester/Web Engineering II/Konert/Klausuren/WE2_Konert_WS16-17_K_V04.pdf
Medieninformatik Bachelor/04. Semester/Web Engineering II/Pavlista/Klausuren/MME2 Pavlista WS07.pdf	Medieninformatik Bachelor/04. Semester/Web Engineering II/Pavlista/Klausuren/WE2_Pavlista_WS07-08_K_V01.pdf
Medieninformatik Bachelor/04. Semester/Web Engineering II/Pavlista/Klausuren/MME2 Pavlista WS0910.pdf	Medieninformatik Bachelor/04. Semester/Web Engineering II/Pavlista/Klausuren/WE2_Pavlista_WS09-10_K_V01.pdf
Medieninformatik Bachelor/04. Semester/Web Engineering II/Pavlista/Klausuren/Pavlista - 2007-WS - 1.pdf	Medieninformatik Bachelor/04. Semester/Web Engineering II/Pavlista/Klausuren/WE2_Pavlista_WS07-08_K_V02.pdf
Medieninformatik Bachelor/04. Semester/Web Engineering II/Pavlista/Klausuren/Pavlista - 2009-WS - 1.pdf	Medieninformatik Bachelor/04. Semester/Web Engineering II/Pavlista/Klausuren/WE2_Pavlista_WS09-10_K_V02.pdf
Medieninformatik Bachelor/04. Semester/Web Engineering II/Pilgrim/Klausuren/Pilgrim - 2022-WS- X.pdf	Medieninformatik Bachelor/04. Semester/Web Engineering II/Pilgrim/Klausuren/WE2_Pilgrim_WS22-23_K_V01.pdf
Medieninformatik Bachelor/04. Semester/Web Engineering II/Pilgrim/Klausuren/Pilgrim - 2023-SS - 1.pdf	Medieninformatik Bachelor/04. Semester/Web Engineering II/Pilgrim/Klausuren/WE2_Pilgrim_SS23_K_V01.pdf
Medieninformatik Bachelor/04. Semester/Web Engineering II/Pilgrim/Klausuren/Pilgrim - 2023-WS - 1.pdf	Medieninformatik Bachelor/04. Semester/Web Engineering II/Pilgrim/Klausuren/WE2_Pilgrim_WS23-24_K_V01.pdf
Medieninformatik Bachelor/04. Semester/Web Engineering II/Pilgrim/Klausuren/Pilgrim - 2024-WS - 1.pdf	Medieninformatik Bachelor/04. Semester/Web Engineering II/Pilgrim/Klausuren/WE2_Pilgrim_WS23-24_K_V02.pdf
Medieninformatik Bachelor/Allgemeine Literatur und weitere Materialien/Internetrecht/Eichhorn/Klausuren/Internetrecht Eichhorn SS05.pdf	Medieninformatik Bachelor/Allgemeine Literatur und weitere Materialien/Internetrecht/Eichhorn/Klausuren/IR_Eichhorn_SS05_K_V01.pdf
Medieninformatik Bachelor/Allgemeine Literatur und weitere Materialien/Internetrecht/Eichhorn/Klausuren/Internetrecht Eichhorn WS03.pdf	Medieninformatik Bachelor/Allgemeine Literatur und weitere Materialien/Internetrecht/Eichhorn/Klausuren/IR_Eichhorn_WS03-04_K_V01.pdf
Medieninformatik Bachelor/Allgemeine Literatur und weitere Materialien/Internetrecht/Eichhorn/Klausuren/Internetrecht_Eichhorn_29.01.09.pdf	Medieninformatik Bachelor/Allgemeine Literatur und weitere Materialien/Internetrecht/Eichhorn/Klausuren/IR_Eichhorn_Zeit-unbekannt_K_V01.pdf
Medieninformatik Bachelor/Allgemeine Literatur und weitere Materialien/Internetrecht/Eichhorn/Klausuren/Internetrecht_Eichorn_26.03.09.pdf	Medieninformatik Bachelor/Allgemeine Literatur und weitere Materialien/Internetrecht/Eichhorn/Klausuren/IR_Eichhorn_Zeit-unbekannt_K_V02.pdf
Medieninformatik Bachelor/Allgemeine Literatur und weitere Materialien/Internetrecht/Nicht zugeordnet/Klausuren/Internetrecht Klausurfragen.txt	Medieninformatik Bachelor/Allgemeine Literatur und weitere Materialien/Internetrecht/Nicht zugeordnet/Klausuren/IR_Unbekannt_Zeit-unbekannt_K_V01.txt
Medieninformatik Bachelor/Allgemeine Literatur und weitere Materialien/Internetrecht/Nicht zugeordnet/Klausuren/InternetrechtEichhornSS02.pdf	Medieninformatik Bachelor/Allgemeine Literatur und weitere Materialien/Internetrecht/Nicht zugeordnet/Klausuren/IR_Unbekannt_SS02_K_V01.pdf
Medieninformatik Bachelor/Allgemeine Literatur und weitere Materialien/Internetrecht/Nicht zugeordnet/Klausuren/InternetrechtEichhornSS03.pdf	Medieninformatik Bachelor/Allgemeine Literatur und weitere Materialien/Internetrecht/Nicht zugeordnet/Klausuren/IR_Unbekannt_SS03_K_V01.pdf
Medieninformatik Bachelor/Allgemeine Literatur und weitere Materialien/Mathematik - Allgemeine Literatur/Nicht zugeordnet/Lernhilfen/AbleitungRegeln.pdf	Medieninformatik Bachelor/Allgemeine Literatur und weitere Materialien/Mathematik - Allgemeine Literatur/Nicht zugeordnet/Lernhilfen/MA_Unbekannt_Zeit-unbekannt_Z_V01_AbleitungRegeln.pdf
Medieninformatik Bachelor/Allgemeine Literatur und weitere Materialien/Mathematik - Allgemeine Literatur/Nicht zugeordnet/Lernhilfen/AussagenlogikundBoolscheAlgebra.pdf	Medieninformatik Bachelor/Allgemeine Literatur und weitere Materialien/Mathematik - Allgemeine Literatur/Nicht zugeordnet/Lernhilfen/MA_Unbekannt_Zeit-unbekannt_Z_V02_AussagenlogikundBoolscheAlgebra.pdf
Medieninformatik Bachelor/Allgemeine Literatur und weitere Materialien/Mathematik - Allgemeine Literatur/Nicht zugeordnet/Lernhilfen/Kurvendiskussion.pdf	Medieninformatik Bachelor/Allgemeine Literatur und weitere Materialien/Mathematik - Allgemeine Literatur/Nicht zugeordnet/Lernhilfen/MA_Unbekannt_Zeit-unbekannt_Z_V03_Kurvendiskussion.pdf
Medieninformatik Bachelor/Allgemeine Literatur und weitere Materialien/Mathematik - Allgemeine Literatur/Nicht zugeordnet/Lernhilfen/StammfunktionundIntegral.pdf	Medieninformatik Bachelor/Allgemeine Literatur und weitere Materialien/Mathematik - Allgemeine Literatur/Nicht zugeordnet/Lernhilfen/MA_Unbekannt_Zeit-unbekannt_Z_V04_StammfunktionundIntegral.pdf
Medieninformatik Bachelor/Allgemeine Literatur und weitere Materialien/Mathematik - Allgemeine Literatur/Nicht zugeordnet/Literatur/Mathematik für Informatiker Bd. 1.pdf	Medieninformatik Bachelor/Allgemeine Literatur und weitere Materialien/Mathematik - Allgemeine Literatur/Nicht zugeordnet/Literatur/MA_Unbekannt_Zeit-unbekannt_LIT_V01_Mathematik-fuer-Informatiker-Bd.-1.pdf
Medieninformatik Bachelor/Allgemeine Literatur und weitere Materialien/Mathematik - Allgemeine Literatur/Nicht zugeordnet/Literatur/Mathematik für Informatiker Bd. 2.pdf	Medieninformatik Bachelor/Allgemeine Literatur und weitere Materialien/Mathematik - Allgemeine Literatur/Nicht zugeordnet/Literatur/MA_Unbekannt_Zeit-unbekannt_LIT_V02_Mathematik-fuer-Informatiker-Bd.-2.pdf
Medieninformatik Bachelor/Allgemeine Literatur und weitere Materialien/Programmierung - Allgemeine Literatur/Nicht zugeordnet/Literatur/Assembler/Das Assembler Buch - Professionelle Programmierung.pdf	Medieninformatik Bachelor/Allgemeine Literatur und weitere Materialien/Programmierung - Allgemeine Literatur/Nicht zugeordnet/Literatur/Assembler/PROG_Unbekannt_Zeit-unbekannt_LIT_V01_Das-Assembler-Buch---Professionelle-Programmierung.pdf
Medieninformatik Bachelor/Allgemeine Literatur und weitere Materialien/Programmierung - Allgemeine Literatur/Nicht zugeordnet/Literatur/Datenbanken/PHP 5.3 & MySQL 5.5.pdf	Medieninformatik Bachelor/Allgemeine Literatur und weitere Materialien/Programmierung - Allgemeine Literatur/Nicht zugeordnet/Literatur/Datenbanken/PROG_Unbekannt_Zeit-unbekannt_LIT_V02_PHP-5.3-MySQL-5.5.pdf
Medieninformatik Bachelor/Allgemeine Literatur und weitere Materialien/Programmierung - Allgemeine Literatur/Nicht zugeordnet/Literatur/Datenbanken/Relationale und postrelationale Datenbanken (7. Auflage).pdf	Medieninformatik Bachelor/Allgemeine Literatur und weitere Materialien/Programmierung - Allgemeine Literatur/Nicht zugeordnet/Literatur/Datenbanken/PROG_Unbekannt_Zeit-unbekannt_LIT_V03_Relationale-und-postrelationale-Datenbanken-7.-Auflage.pdf
Medieninformatik Bachelor/Allgemeine Literatur und weitere Materialien/Programmierung - Allgemeine Literatur/Nicht zugeordnet/Literatur/Patterns kompakt (4. Auflage).pdf	Medieninformatik Bachelor/Allgemeine Literatur und weitere Materialien/Programmierung - Allgemeine Literatur/Nicht zugeordnet/Literatur/PROG_Unbekannt_Zeit-unbekannt_LIT_V04_Patterns-kompakt-4.-Auflage.pdf
Medieninformatik Bachelor/Allgemeine Literatur und weitere Materialien/Programmierung - Allgemeine Literatur/Nicht zugeordnet/Literatur/Python/Python 3 - Intensivkurs.pdf	Medieninformatik Bachelor/Allgemeine Literatur und weitere Materialien/Programmierung - Allgemeine Literatur/Nicht zugeordnet/Literatur/Python/PROG_Unbekannt_Zeit-unbekannt_LIT_V05_Python-3---Intensivkurs.pdf
Medieninformatik Bachelor/Allgemeine Literatur und weitere Materialien/Programmierung - Allgemeine Literatur/Nicht zugeordnet/Literatur/Python/Thomas Theis - Einstieg in Python.pdf	Medieninformatik Bachelor/Allgemeine Literatur und weitere Materialien/Programmierung - Allgemeine Literatur/Nicht zugeordnet/Literatur/Python/PROG_Unbekannt_Zeit-unbekannt_LIT_V06_Thomas-Theis---Einstieg-in-Python.pdf
Medieninformatik Bachelor/Allgemeine Literatur und weitere Materialien/Programmierung - Allgemeine Literatur/Nicht zugeordnet/Literatur/galileocomputing_praxisbuch_objektorientierung.pdf	Medieninformatik Bachelor/Allgemeine Literatur und weitere Materialien/Programmierung - Allgemeine Literatur/Nicht zugeordnet/Literatur/PROG_Unbekannt_Zeit-unbekannt_LIT_V07_galileocomputing-praxisbuch-objektorientierung.pdf
Medieninformatik Bachelor/Allgemeine Literatur und weitere Materialien/Web Engineering - Allgemeine Literatur/Nicht zugeordnet/Literatur/Addison_Wesley_-_PHP_5_und_MySQL_5_.pdf	Medieninformatik Bachelor/Allgemeine Literatur und weitere Materialien/Web Engineering - Allgemeine Literatur/Nicht zugeordnet/Literatur/WE_Unbekannt_Zeit-unbekannt_LIT_V01_Addison-Wesley---PHP-5-und-MySQL-5.pdf
Medieninformatik Bachelor/Allgemeine Literatur und weitere Materialien/Web Engineering - Allgemeine Literatur/Nicht zugeordnet/Literatur/CSS Missing Manual.pdf	Medieninformatik Bachelor/Allgemeine Literatur und weitere Materialien/Web Engineering - Allgemeine Literatur/Nicht zugeordnet/Literatur/WE_Unbekannt_Zeit-unbekannt_LIT_V02_CSS-Missing-Manual.pdf
Medieninformatik Bachelor/Allgemeine Literatur und weitere Materialien/Web Engineering - Allgemeine Literatur/Nicht zugeordnet/Literatur/Responsive Webdesign - Reaktionsfähige Websites gestalten und umsetzen (2013).pdf	Medieninformatik Bachelor/Allgemeine Literatur und weitere Materialien/Web Engineering - Allgemeine Literatur/Nicht zugeordnet/Literatur/WE_Unbekannt_Zeit-unbekannt_LIT_V03_Responsive-Webdesign---Reaktionsfaehige-Websites-gestalten-und-umsetzen-2013.pdf
Medieninformatik Bachelor/Allgemeine Literatur und weitere Materialien/Web Engineering - Allgemeine Literatur/Nicht zugeordnet/Literatur/jQuery von Kopf bis Fuß - Ein Buch zum Mitmachen und Verstehen/jQuery von Kopf bis Fuß - Ein Buch zum Mitmachen und Verstehen .pdf	Medieninformatik Bachelor/Allgemeine Literatur und weitere Materialien/Web Engineering - Allgemeine Literatur/Nicht zugeordnet/Literatur/jQuery von Kopf bis Fuß - Ein Buch zum Mitmachen und Verstehen/WE_Unbekannt_Zeit-unbekannt_LIT_V04_jQuery-von-Kopf-bis-Fuss---Ein-Buch-zum-Mitmachen-und-Verstehen.pdf
Medieninformatik Bachelor/Allgemeine Literatur und weitere Materialien/_Sammlungsinformationen/Nicht zugeordnet/Hinweise/- HIER NICHTS LÖSCHEN! WIRD SONST BEI ALLEN NUTZERN AUCH GELÖSCHT! -.txt	Medieninformatik Bachelor/Allgemeine Literatur und weitere Materialien/_Sammlungsinformationen/Nicht zugeordnet/Hinweise/INFO_Unbekannt_Zeit-unbekannt_INFO_V01_HIER-NICHTS-LOeSCHEN-WIRD-SONST-BEI-ALLEN-NUTZERN-AUCH-GELOeSCHT.txt
Medieninformatik Bachelor/Allgemeine Literatur und weitere Materialien/_Sammlungsinformationen/Nicht zugeordnet/Hinweise/www.dropbox.com.url	Medieninformatik Bachelor/Allgemeine Literatur und weitere Materialien/_Sammlungsinformationen/Nicht zugeordnet/Hinweise/INFO_Unbekannt_Zeit-unbekannt_INFO_V02_www.dropbox.com.url
Medieninformatik Bachelor/Wahlpflichtmodule/3D Web Graphics/Nicht zugeordnet/Lernhilfen/CG2-Klausurvorbereitung.pdf	Medieninformatik Bachelor/Wahlpflichtmodule/3D Web Graphics/Nicht zugeordnet/Lernhilfen/WG_Unbekannt_Zeit-unbekannt_Z_V01_CG2-Klausurvorbereitung.pdf
Medieninformatik Bachelor/Wahlpflichtmodule/3D Web Graphics/Schirmacher/Klausuren/CG2-WS11-12_Schirmacher.pdf	Medieninformatik Bachelor/Wahlpflichtmodule/3D Web Graphics/Schirmacher/Klausuren/WG_Schirmacher_WS11-12_K_V01.pdf
Medieninformatik Bachelor/Wahlpflichtmodule/3D Web Graphics/Schirmacher/Klausuren/CG2_Schirmacher_SS14.pdf	Medieninformatik Bachelor/Wahlpflichtmodule/3D Web Graphics/Schirmacher/Klausuren/WG_Schirmacher_SS14_K_V01.pdf
Medieninformatik Bachelor/Wahlpflichtmodule/3D Web Graphics/Schirmacher/Klausuren/Schirmacher - 2011-WS - 1.pdf	Medieninformatik Bachelor/Wahlpflichtmodule/3D Web Graphics/Schirmacher/Klausuren/WG_Schirmacher_WS11-12_K_V02.pdf
Medieninformatik Bachelor/Wahlpflichtmodule/3D Web Graphics/Schirmacher/Klausuren/Schirmacher - 2014-SS - 1.pdf	Medieninformatik Bachelor/Wahlpflichtmodule/3D Web Graphics/Schirmacher/Klausuren/WG_Schirmacher_SS14_K_V02.pdf
Medieninformatik Bachelor/Wahlpflichtmodule/Betriebswirtschaftslehre/Nicht zugeordnet/Klausuren/BWL_Klausur13_14.pdf	Medieninformatik Bachelor/Wahlpflichtmodule/Betriebswirtschaftslehre/Nicht zugeordnet/Klausuren/BWL_Unbekannt_Zeit-unbekannt_K_V01.pdf
Medieninformatik Bachelor/Wahlpflichtmodule/Betriebswirtschaftslehre/Nicht zugeordnet/Klausuren/bwl-keinNamen-ws11.pdf	Medieninformatik Bachelor/Wahlpflichtmodule/Betriebswirtschaftslehre/Nicht zugeordnet/Klausuren/BWL_Unbekannt_WS11-12_K_V01.pdf
Medieninformatik Bachelor/Wahlpflichtmodule/Betriebswirtschaftslehre/Schneider/Klausuren/BWL_Schneider_SS16_1PZ.pdf	Medieninformatik Bachelor/Wahlpflichtmodule/Betriebswirtschaftslehre/Schneider/Klausuren/BWL_Schneider_SS16_K_PZ1.pdf
Medieninformatik Bachelor/Wahlpflichtmodule/Betriebswirtschaftslehre/Schneider/Klausuren/BWL_WS11-12_Schneider.pdf	Medieninformatik Bachelor/Wahlpflichtmodule/Betriebswirtschaftslehre/Schneider/Klausuren/BWL_Schneider_WS11-12_K_V01.pdf
Medieninformatik Bachelor/Wahlpflichtmodule/Betriebswirtschaftslehre/Schneider/Klausuren/BWL_WS11-12_Schneider_nachklausur.pdf	Medieninformatik Bachelor/Wahlpflichtmodule/Betriebswirtschaftslehre/Schneider/Klausuren/BWL_Schneider_WS11-12_K_NK.pdf
Medieninformatik Bachelor/Wahlpflichtmodule/Betriebswirtschaftslehre/Schneider/Klausuren/Schneider - 2004-WS - 1.pdf	Medieninformatik Bachelor/Wahlpflichtmodule/Betriebswirtschaftslehre/Schneider/Klausuren/BWL_Schneider_WS04-05_K_V01.pdf
Medieninformatik Bachelor/Wahlpflichtmodule/Betriebswirtschaftslehre/Schneider/Klausuren/Schneider - 2006-WS - 1.pdf	Medieninformatik Bachelor/Wahlpflichtmodule/Betriebswirtschaftslehre/Schneider/Klausuren/BWL_Schneider_WS06-07_K_V01.pdf
Medieninformatik Bachelor/Wahlpflichtmodule/Betriebswirtschaftslehre/Schneider/Klausuren/Schneider - 2008-WS - 1.pdf	Medieninformatik Bachelor/Wahlpflichtmodule/Betriebswirtschaftslehre/Schneider/Klausuren/BWL_Schneider_WS08-09_K_V01.pdf
Medieninformatik Bachelor/Wahlpflichtmodule/Betriebswirtschaftslehre/Schneider/Klausuren/Schneider - 2011-WS - 1.pdf	Medieninformatik Bachelor/Wahlpflichtmodule/Betriebswirtschaftslehre/Schneider/Klausuren/BWL_Schneider_WS11-12_K_V02.pdf
Medieninformatik Bachelor/Wahlpflichtmodule/Betriebswirtschaftslehre/Schneider/Klausuren/Schneider - 2011-WS - 2.pdf	Medieninformatik Bachelor/Wahlpflichtmodule/Betriebswirtschaftslehre/Schneider/Klausuren/BWL_Schneider_WS11-12_K_V03.pdf
Medieninformatik Bachelor/Wahlpflichtmodule/Betriebswirtschaftslehre/Schneider/Klausuren/Schneider - 2011-WS - 3.pdf	Medieninformatik Bachelor/Wahlpflichtmodule/Betriebswirtschaftslehre/Schneider/Klausuren/BWL_Schneider_WS11-12_K_V04.pdf
Medieninformatik Bachelor/Wahlpflichtmodule/Betriebswirtschaftslehre/Schneider/Klausuren/Schneider - 2013-WS - 1.pdf	Medieninformatik Bachelor/Wahlpflichtmodule/Betriebswirtschaftslehre/Schneider/Klausuren/BWL_Schneider_WS13-14_K_V01.pdf
Medieninformatik Bachelor/Wahlpflichtmodule/Betriebswirtschaftslehre/Schneider/Klausuren/Schneider - 2013-WS - 2.pdf	Medieninformatik Bachelor/Wahlpflichtmodule/Betriebswirtschaftslehre/Schneider/Klausuren/BWL_Schneider_WS13-14_K_V02.pdf
Medieninformatik Bachelor/Wahlpflichtmodule/Betriebswirtschaftslehre/Schneider/Klausuren/Schneider - 2015-SS - 1.pdf	Medieninformatik Bachelor/Wahlpflichtmodule/Betriebswirtschaftslehre/Schneider/Klausuren/BWL_Schneider_SS15_K_V01.pdf
Medieninformatik Bachelor/Wahlpflichtmodule/Betriebswirtschaftslehre/Schneider/Klausuren/Schneider - 2015-WS - 1.pdf	Medieninformatik Bachelor/Wahlpflichtmodule/Betriebswirtschaftslehre/Schneider/Klausuren/BWL_Schneider_WS15-16_K_V01.pdf
Medieninformatik Bachelor/Wahlpflichtmodule/Betriebswirtschaftslehre/Schneider/Klausuren/Schneider - 2016-SS - 1.pdf	Medieninformatik Bachelor/Wahlpflichtmodule/Betriebswirtschaftslehre/Schneider/Klausuren/BWL_Schneider_SS16_K_V01.pdf
Medieninformatik Bachelor/Wahlpflichtmodule/Betriebswirtschaftslehre/Schneider/Klausuren/bwl-schneider-ws04.pdf	Medieninformatik Bachelor/Wahlpflichtmodule/Betriebswirtschaftslehre/Schneider/Klausuren/BWL_Schneider_WS04-05_K_V02.pdf
Medieninformatik Bachelor/Wahlpflichtmodule/Betriebswirtschaftslehre/Schneider/Klausuren/bwl-schneider-ws06.pdf	Medieninformatik Bachelor/Wahlpflichtmodule/Betriebswirtschaftslehre/Schneider/Klausuren/BWL_Schneider_WS06-07_K_V02.pdf
Medieninformatik Bachelor/Wahlpflichtmodule/Betriebswirtschaftslehre/Schneider/Klausuren/bwl-schneider-ws08.pdf	Medieninformatik Bachelor/Wahlpflichtmodule/Betriebswirtschaftslehre/Schneider/Klausuren/BWL_Schneider_WS08-09_K_V02.pdf
Medieninformatik Bachelor/Wahlpflichtmodule/Mediendistribution und -produktion/Bradter/Klausuren/Bradter - 2007-SS - 1.pdf	Medieninformatik Bachelor/Wahlpflichtmodule/Mediendistribution und -produktion/Bradter/Klausuren/MDP_Bradter_SS07_K_V01.pdf
Medieninformatik Bachelor/Wahlpflichtmodule/Mediendistribution und -produktion/Bradter/Klausuren/MTV Bradter SS07.pdf	Medieninformatik Bachelor/Wahlpflichtmodule/Mediendistribution und -produktion/Bradter/Klausuren/MDP_Bradter_SS07_K_V02.pdf
Medieninformatik Bachelor/Wahlpflichtmodule/Mediendistribution und -produktion/Holt/Klausuren/Holt - 2007-SS - 1.pdf	Medieninformatik Bachelor/Wahlpflichtmodule/Mediendistribution und -produktion/Holt/Klausuren/MDP_Holt_SS07_K_V01.pdf
Medieninformatik Bachelor/Wahlpflichtmodule/Mediendistribution und -produktion/Holt/Klausuren/Holt - 2007-WS - 1.pdf	Medieninformatik Bachelor/Wahlpflichtmodule/Mediendistribution und -produktion/Holt/Klausuren/MDP_Holt_WS07-08_K_V01.pdf
Medieninformatik Bachelor/Wahlpflichtmodule/Mediendistribution und -produktion/Holt/Klausuren/MTV Von Holt SS07.pdf	Medieninformatik Bachelor/Wahlpflichtmodule/Mediendistribution und -produktion/Holt/Klausuren/MDP_Holt_SS07_K_V02.pdf
Medieninformatik Bachelor/Wahlpflichtmodule/Mediendistribution und -produktion/Holt/Klausuren/MTV Von Holt WS07.pdf	Medieninformatik Bachelor/Wahlpflichtmodule/Mediendistribution und -produktion/Holt/Klausuren/MDP_Holt_WS07-08_K_V02.pdf
Medieninformatik Bachelor/Wahlpflichtmodule/Mediendistribution und -produktion/Lietz/Klausuren/Lietz - 2008-WS - 1.pdf	Medieninformatik Bachelor/Wahlpflichtmodule/Mediendistribution und -produktion/Lietz/Klausuren/MDP_Lietz_WS08-09_K_V01.pdf
Medieninformatik Bachelor/Wahlpflichtmodule/Mediendistribution und -produktion/Lietz/Klausuren/Lietz - 2008-WS - 2.pdf	Medieninformatik Bachelor/Wahlpflichtmodule/Mediendistribution und -produktion/Lietz/Klausuren/MDP_Lietz_WS08-09_K_V02.pdf
Medieninformatik Bachelor/Wahlpflichtmodule/Mediendistribution und -produktion/Lietz/Klausuren/MTV_Lietz_WS0809.pdf	Medieninformatik Bachelor/Wahlpflichtmodule/Mediendistribution und -produktion/Lietz/Klausuren/MDP_Lietz_WS08-09_K_V03.pdf
Medieninformatik Bachelor/Wahlpflichtmodule/Mediendistribution und -produktion/Lietz/Klausuren/WS0809_MTV_Lietz.pdf	Medieninformatik Bachelor/Wahlpflichtmodule/Mediendistribution und -produktion/Lietz/Klausuren/MDP_Lietz_WS08-09_K_V04.pdf
Medieninformatik Bachelor/Wahlpflichtmodule/Mediendistribution und -produktion/Lietz/Klausuren/mtv-lietz-ss11-01.pdf	Medieninformatik Bachelor/Wahlpflichtmodule/Mediendistribution und -produktion/Lietz/Klausuren/MDP_Lietz_Zeit-unbekannt_K_V01.pdf
Medieninformatik Bachelor/Wahlpflichtmodule/Mediendistribution und -produktion/Lietz/Klausuren/mtv-lietz-ss11.pdf	Medieninformatik Bachelor/Wahlpflichtmodule/Mediendistribution und -produktion/Lietz/Klausuren/MDP_Lietz_SS11_K_V01.pdf
Medieninformatik Bachelor/Wahlpflichtmodule/Mediendistribution und -produktion/Lietz/Klausuren/mtv-lietz-ws08-01.pdf	Medieninformatik Bachelor/Wahlpflichtmodule/Mediendistribution und -produktion/Lietz/Klausuren/MDP_Lietz_WS08-01_K_V01.pdf
Medieninformatik Bachelor/Wahlpflichtmodule/Mediendistribution und -produktion/Lietz/Klausuren/mtv-lietz-ws08.pdf	Medieninformatik Bachelor/Wahlpflichtmodule/Mediendistribution und -produktion/Lietz/Klausuren/MDP_Lietz_WS08-09_K_V05.pdf
Medieninformatik Bachelor/Wahlpflichtmodule/Mediendistribution und -produktion/Lietz/Klausuren/mtv-lietz-ws09.pdf	Medieninformatik Bachelor/Wahlpflichtmodule/Mediendistribution und -produktion/Lietz/Klausuren/MDP_Lietz_WS09-10_K_V01.pdf
Medieninformatik Bachelor/Wahlpflichtmodule/Mediendistribution und -produktion/Lietz/Klausuren/mtv-lietz-ws09_01.pdf.zip	Medieninformatik Bachelor/Wahlpflichtmodule/Mediendistribution und -produktion/Lietz/Klausuren/MDP_Lietz_WS09-01_K_V01_mtv-lietz-ws09-01.pdf.zip
Medieninformatik Bachelor/Wahlpflichtmodule/Mediendistribution und -produktion/Lietz/Klausuren/mtv-lietz-ws10-01.pdf.zip	Medieninformatik Bachelor/Wahlpflichtmodule/Mediendistribution und -produktion/Lietz/Klausuren/MDP_Lietz_WS10-01_K_V01_mtv-lietz-ws10-01.pdf.zip
Medieninformatik Bachelor/Wahlpflichtmodule/Mediendistribution und -produktion/Lietz/Klausuren/mtv-lietz-ws10.pdf	Medieninformatik Bachelor/Wahlpflichtmodule/Mediendistribution und -produktion/Lietz/Klausuren/MDP_Lietz_WS10-11_K_V01.pdf
Medieninformatik Bachelor/Wahlpflichtmodule/Mediendistribution und -produktion/Lohr/Klausuren/Lohr - 2011-SS - 1.pdf	Medieninformatik Bachelor/Wahlpflichtmodule/Mediendistribution und -produktion/Lohr/Klausuren/MDP_Lohr_SS11_K_V01.pdf
Medieninformatik Bachelor/Wahlpflichtmodule/Mediendistribution und -produktion/Lohr/Klausuren/Lohr - 2012-WS - 1.pdf	Medieninformatik Bachelor/Wahlpflichtmodule/Mediendistribution und -produktion/Lohr/Klausuren/MDP_Lohr_WS12-13_K_V01.pdf
Medieninformatik Bachelor/Wahlpflichtmodule/Mediendistribution und -produktion/Lohr/Klausuren/MTV_Lohr_AltKlausur0001.pdf	Medieninformatik Bachelor/Wahlpflichtmodule/Mediendistribution und -produktion/Lohr/Klausuren/MDP_Lohr_Zeit-unbekannt_K_V01.pdf
Medieninformatik Bachelor/Wahlpflichtmodule/Mediendistribution und -produktion/Lohr + Lietz/Klausuren/mtv-lietz_lohr-hk-ss11-17.pdf	Medieninformatik Bachelor/Wahlpflichtmodule/Mediendistribution und -produktion/Lohr + Lietz/Klausuren/MDP_Lohr-+-Lietz_Zeit-unbekannt_K_V01.pdf
Medieninformatik Bachelor/Wahlpflichtmodule/Mediendistribution und -produktion/Nicht zugeordnet/Klausuren/mtv-lietzlohr-ss11.zip	Medieninformatik Bachelor/Wahlpflichtmodule/Mediendistribution und -produktion/Nicht zugeordnet/Klausuren/MDP_Unbekannt_SS11_K_V01_mtv-lietzlohr-ss11.zip
Medieninformatik Bachelor/Wahlpflichtmodule/Software Engineering - Architekturen und Werkzeuge/Haschemi/Klausuren/FPA_SS12_Haschemi.pdf	Medieninformatik Bachelor/Wahlpflichtmodule/Software Engineering - Architekturen und Werkzeuge/Haschemi/Klausuren/FPA_Haschemi_SS12_K_V01.pdf
Medieninformatik Bachelor/Wahlpflichtmodule/Software Engineering - Architekturen und Werkzeuge/Haschemi/Klausuren/Haschemi - 2012-SS - 1.pdf	Medieninformatik Bachelor/Wahlpflichtmodule/Software Engineering - Architekturen und Werkzeuge/Haschemi/Klausuren/FPA_Haschemi_SS12_K_V02.pdf
Medieninformatik Bachelor/Wahlpflichtmodule/Software Engineering - Architekturen und Werkzeuge/Nicht zugeordnet/Uebungen/FPA-EXC3.zip	Medieninformatik Bachelor/Wahlpflichtmodule/Software Engineering - Architekturen und Werkzeuge/Nicht zugeordnet/Uebungen/FPA_Unbekannt_Zeit-unbekannt_UE_V01_FPA-EXC3.zip
Medieninformatik Bachelor/Wahlpflichtmodule/Software Engineering - Architekturen und Werkzeuge/Nicht zugeordnet/Uebungen/FPA_Aufzeichnung.rar	Medieninformatik Bachelor/Wahlpflichtmodule/Software Engineering - Architekturen und Werkzeuge/Nicht zugeordnet/Uebungen/FPA_Unbekannt_Zeit-unbekannt_UE_V02_FPA-Aufzeichnung.rar
Medieninformatik Bachelor/Wahlpflichtmodule/Software Engineering - Architekturen und Werkzeuge/Nicht zugeordnet/Uebungen/FPA_Projekt-master.zip	Medieninformatik Bachelor/Wahlpflichtmodule/Software Engineering - Architekturen und Werkzeuge/Nicht zugeordnet/Uebungen/FPA_Unbekannt_Zeit-unbekannt_UE_V03_FPA-Projekt-master.zip
Medieninformatik Bachelor/Wahlpflichtmodule/Softwarequalität und -test/Steppat/Klausuren/MB_SS2013_Steppat_QPM.pdf	Medieninformatik Bachelor/Wahlpflichtmodule/Softwarequalität und -test/Steppat/Klausuren/SQT_Steppat_SS13_K_V01.pdf
Medieninformatik Bachelor/Wahlpflichtmodule/Softwarequalität und -test/Steppat/Klausuren/QM_SS11_Steppat.pdf	Medieninformatik Bachelor/Wahlpflichtmodule/Softwarequalität und -test/Steppat/Klausuren/SQT_Steppat_SS11_K_V01.pdf
Medieninformatik Bachelor/Wahlpflichtmodule/Softwarequalität und -test/Steppat/Klausuren/Steppat - 2009-SS - 1.pdf	Medieninformatik Bachelor/Wahlpflichtmodule/Softwarequalität und -test/Steppat/Klausuren/SQT_Steppat_SS09_K_V01.pdf
Medieninformatik Bachelor/Wahlpflichtmodule/Softwarequalität und -test/Steppat/Klausuren/Steppat - 2009-WS - 1.pdf	Medieninformatik Bachelor/Wahlpflichtmodule/Softwarequalität und -test/Steppat/Klausuren/SQT_Steppat_WS09-10_K_V01.pdf
Medieninformatik Bachelor/Wahlpflichtmodule/Softwarequalität und -test/Steppat/Klausuren/Steppat - 2011-SS - 1.pdf	Medieninformatik Bachelor/Wahlpflichtmodule/Softwarequalität und -test/Steppat/Klausuren/SQT_Steppat_SS11_K_V02.pdf
Medieninformatik Bachelor/Wahlpflichtmodule/Softwarequalität und -test/Steppat/Klausuren/Steppat - 2011-WS - 1.pdf	Medieninformatik Bachelor/Wahlpflichtmodule/Softwarequalität und -test/Steppat/Klausuren/SQT_Steppat_WS11-12_K_V01.pdf
Medieninformatik Bachelor/Wahlpflichtmodule/Softwarequalität und -test/Steppat/Klausuren/Steppat - 2013-SS - 1.pdf	Medieninformatik Bachelor/Wahlpflichtmodule/Softwarequalität und -test/Steppat/Klausuren/SQT_Steppat_SS13_K_V02.pdf
Medieninformatik Bachelor/Wahlpflichtmodule/Softwarequalität und -test/Steppat/Probeklausuren/Probeklausur QM_steppat.pdf	Medieninformatik Bachelor/Wahlpflichtmodule/Softwarequalität und -test/Steppat/Probeklausuren/SQT_Steppat_Zeit-unbekannt_PK_V01.pdf
Medieninformatik Bachelor/Wahlpflichtmodule/Softwarequalität und -test/Steppat/Probeklausuren/Probeklausur WS2009_steppat.pdf	Medieninformatik Bachelor/Wahlpflichtmodule/Softwarequalität und -test/Steppat/Probeklausuren/SQT_Steppat_WS09-10_PK_V01.pdf
Medieninformatik Bachelor/Wahlpflichtmodule/Softwarequalität und -test/Ziemer/Klausuren/Ziemer - 2011-WS - 1.pdf	Medieninformatik Bachelor/Wahlpflichtmodule/Softwarequalität und -test/Ziemer/Klausuren/SQT_Ziemer_WS11-12_K_V01.pdf
Medieninformatik Bachelor/Wahlpflichtmodule/Softwarequalität und -test/Ziemer/Klausuren/qm-ziemer-hk-ws11-20.pdf	Medieninformatik Bachelor/Wahlpflichtmodule/Softwarequalität und -test/Ziemer/Klausuren/SQT_Ziemer_WS11-20_K_V01.pdf
Medieninformatik Bachelor/Wahlpflichtmodule/Softwarequalität und -test/Ziemer/Klausuren/qm-ziemer-ws08-01.pdf	Medieninformatik Bachelor/Wahlpflichtmodule/Softwarequalität und -test/Ziemer/Klausuren/SQT_Ziemer_WS08-01_K_V01.pdf
Medieninformatik Bachelor/Wahlpflichtmodule/Softwarequalität und -test/Ziemer/Klausuren/qm-ziemer-ws08.pdf	Medieninformatik Bachelor/Wahlpflichtmodule/Softwarequalität und -test/Ziemer/Klausuren/SQT_Ziemer_WS08-09_K_V01.pdf
Meine Pruefungsmaterialien/02. Semester/Betriebssysteme/Weis/Klausuren/BETRIEBSYSTEME_SS13_WEIS.pdf	Meine Pruefungsmaterialien/02. Semester/Betriebssysteme/Weis/Klausuren/BS_Weis_SS13_K_V01.pdf
Meine Pruefungsmaterialien/02. Semester/Betriebssysteme/Weis/Klausuren/BS Weis SS08.pdf	Meine Pruefungsmaterialien/02. Semester/Betriebssysteme/Weis/Klausuren/BS_Weis_SS08_K_V01.pdf
Meine Pruefungsmaterialien/02. Semester/Betriebssysteme/Weis/Klausuren/BS Weis WS0809 2.pdf	Meine Pruefungsmaterialien/02. Semester/Betriebssysteme/Weis/Klausuren/BS_Weis_WS08-09_K_V01.pdf
Meine Pruefungsmaterialien/02. Semester/Betriebssysteme/Weis/Klausuren/BS Weis WS0809.pdf	Meine Pruefungsmaterialien/02. Semester/Betriebssysteme/Weis/Klausuren/BS_Weis_WS08-09_K_V02.pdf
Meine Pruefungsmaterialien/02. Semester/Betriebssysteme/Weis/Klausuren/BS_Weis_SS16 (1) (5 Dateien zusammengefügt).pdf	Meine Pruefungsmaterialien/02. Semester/Betriebssysteme/Weis/Klausuren/BS_Weis_SS16_K_V01.pdf
Meine Pruefungsmaterialien/02. Semester/Betriebssysteme/Weis/Klausuren/Betriebssysteme (Weis) WS2014_2015.pdf	Meine Pruefungsmaterialien/02. Semester/Betriebssysteme/Weis/Klausuren/BS_Weis_WS14-15_K_V01.pdf
Meine Pruefungsmaterialien/02. Semester/Betriebssysteme/Weis/Klausuren/Betriebssysteme I - Ruediger Weis - SS11.pdf	Meine Pruefungsmaterialien/02. Semester/Betriebssysteme/Weis/Klausuren/BS_Weis_SS11_K_V01.pdf
Meine Pruefungsmaterialien/02. Semester/Betriebssysteme/Weis/Klausuren/Betriebssysteme I - Ruediger Weis - WS08-2.pdf	Meine Pruefungsmaterialien/02. Semester/Betriebssysteme/Weis/Klausuren/BS_Weis_WS08-09_K_V03.pdf
Meine Pruefungsmaterialien/02. Semester/Betriebssysteme/Weis/Klausuren/Betriebssysteme I - Ruediger Weis - WS08.pdf	Meine Pruefungsmaterialien/02. Semester/Betriebssysteme/Weis/Klausuren/BS_Weis_WS08-09_K_V04.pdf
Meine Pruefungsmaterialien/02. Semester/Betriebssysteme/Weis/Klausuren/Betriebssysteme Weis WS 1617.pdf	Meine Pruefungsmaterialien/02. Semester/Betriebssysteme/Weis/Klausuren/BS_Weis_WS16-17_K_V01.pdf
Meine Pruefungsmaterialien/02. Semester/Betriebssysteme/Weis/Klausuren/Betriebssysteme_Weis_WiSe_2016-17.pdf	Meine Pruefungsmaterialien/02. Semester/Betriebssysteme/Weis/Klausuren/BS_Weis_WS16-17_K_V02.pdf
Meine Pruefungsmaterialien/02. Semester/Betriebssysteme/Weis/Klausuren/SS08_BS_Weis.pdf	Meine Pruefungsmaterialien/02. Semester/Betriebssysteme/Weis/Klausuren/BS_Weis_SS08_K_V02.pdf
Meine Pruefungsmaterialien/02. Semester/Betriebssysteme/Weis/Klausuren/Weis - 2008-SS - 1.pdf	Meine Pruefungsmaterialien/02. Semester/Betriebssysteme/Weis/Klausuren/BS_Weis_SS08_K_V03.pdf
Meine Pruefungsmaterialien/02. Semester/Betriebssysteme/Weis/Klausuren/Weis - 2008-SS - 2.pdf	Meine Pruefungsmaterialien/02. Semester/Betriebssysteme/Weis/Klausuren/BS_Weis_SS08_K_V04.pdf
Meine Pruefungsmaterialien/02. Semester/Betriebssysteme/Weis/Klausuren/Weis - 2008-WS - 1.pdf	Meine Pruefungsmaterialien/02. Semester/Betriebssysteme/Weis/Klausuren/BS_Weis_WS08-09_K_V05.pdf
Meine Pruefungsmaterialien/02. Semester/Betriebssysteme/Weis/Klausuren/Weis - 2008-WS - 2.pdf	Meine Pruefungsmaterialien/02. Semester/Betriebssysteme/Weis/Klausuren/BS_Weis_WS08-09_K_V06.pdf
Meine Pruefungsmaterialien/02. Semester/Betriebssysteme/Weis/Klausuren/Weis - 2010-WS - 1.pdf	Meine Pruefungsmaterialien/02. Semester/Betriebssysteme/Weis/Klausuren/BS_Weis_WS10-11_K_V01.pdf
Meine Pruefungsmaterialien/02. Semester/Betriebssysteme/Weis/Klausuren/Weis - 2012-SS - 1.pdf	Meine Pruefungsmaterialien/02. Semester/Betriebssysteme/Weis/Klausuren/BS_Weis_SS12_K_V01.pdf
Meine Pruefungsmaterialien/02. Semester/Betriebssysteme/Weis/Klausuren/Weis - 2012-WS - 1.pdf	Meine Pruefungsmaterialien/02. Semester/Betriebssysteme/Weis/Klausuren/BS_Weis_WS12-13_K_V01.pdf
Meine Pruefungsmaterialien/02. Semester/Betriebssysteme/Weis/Klausuren/Weis - 2013-SS - 1.pdf	Meine Pruefungsmaterialien/02. Semester/Betriebssysteme/Weis/Klausuren/BS_Weis_SS13_K_V02.pdf
Meine Pruefungsmaterialien/02. Semester/Betriebssysteme/Weis/Klausuren/Weis - 2013-SS - 2.pdf	Meine Pruefungsmaterialien/02. Semester/Betriebssysteme/Weis/Klausuren/BS_Weis_SS13_K_V03.pdf
Meine Pruefungsmaterialien/02. Semester/Betriebssysteme/Weis/Klausuren/Weis - 2014-WS - 1.pdf	Meine Pruefungsmaterialien/02. Semester/Betriebssysteme/Weis/Klausuren/BS_Weis_WS14-15_K_V02.pdf
Meine Pruefungsmaterialien/02. Semester/Betriebssysteme/Weis/Klausuren/Weis - 2016-SS - 1.pdf	Meine Pruefungsmaterialien/02. Semester/Betriebssysteme/Weis/Klausuren/BS_Weis_SS16_K_V02.pdf
Meine Pruefungsmaterialien/02. Semester/Betriebssysteme/Weis/Klausuren/Weis - 2016-SS - 2.pdf	Meine Pruefungsmaterialien/02. Semester/Betriebssysteme/Weis/Klausuren/BS_Weis_SS16_K_V03.pdf
Meine Pruefungsmaterialien/02. Semester/Betriebssysteme/Weis/Klausuren/Weis - 2016-SS - 3.pdf	Meine Pruefungsmaterialien/02. Semester/Betriebssysteme/Weis/Klausuren/BS_Weis_SS16_K_V04.pdf
Meine Pruefungsmaterialien/02. Semester/Betriebssysteme/Weis/Klausuren/Weis - 2016-WS - 1.pdf	Meine Pruefungsmaterialien/02. Semester/Betriebssysteme/Weis/Klausuren/BS_Weis_WS16-17_K_V03.pdf
Meine Pruefungsmaterialien/02. Semester/Betriebssysteme/Weis/Klausuren/Weis - 2016-WS - 2.pdf	Meine Pruefungsmaterialien/02. Semester/Betriebssysteme/Weis/Klausuren/BS_Weis_WS16-17_K_V04.pdf
Meine Pruefungsmaterialien/02. Semester/Betriebssysteme/Weis/Klausuren/Weis - 2017-SS - 1.pdf	Meine Pruefungsmaterialien/02. Semester/Betriebssysteme/Weis/Klausuren/BS_Weis_WS17-18_K_V01.pdf
Meine Pruefungsmaterialien/02. Semester/Betriebssysteme/Weis/Klausuren/Weis - 2019-SS - 1.pdf	Meine Pruefungsmaterialien/02. Semester/Betriebssysteme/Weis/Klausuren/BS_Weis_SS19_K_V01.pdf
Meine Pruefungsmaterialien/02. Semester/Betriebssysteme/Weis/Klausuren/Weis - 2019-SS - 2.pdf	Meine Pruefungsmaterialien/02. Semester/Betriebssysteme/Weis/Klausuren/BS_Weis_SS19_K_V02.pdf
Meine Pruefungsmaterialien/02. Semester/Betriebssysteme/Weis/Klausuren/Weis - 2021-SS.pdf	Meine Pruefungsmaterialien/02. Semester/Betriebssysteme/Weis/Klausuren/BS_Weis_SS21_Z_V01_Weis---2021-SS.pdf
Meine Pruefungsmaterialien/02. Semester/Betriebssysteme/Weis/Klausuren/Weis - 2022-WS - 1_PZ - blanko.pdf	Meine Pruefungsmaterialien/02. Semester/Betriebssysteme/Weis/Klausuren/BS_Weis_WS22-23_K_PZ1_blanko.pdf
Meine Pruefungsmaterialien/02. Semester/Betriebssysteme/Weis/Klausuren/bk-weis-hk-ss0809.pdf	Meine Pruefungsmaterialien/02. Semester/Betriebssysteme/Weis/Klausuren/BS_Weis_Zeit-unbekannt_K_V01.pdf
Meine Pruefungsmaterialien/02. Semester/Betriebssysteme/Weis/Klausuren/bs-weis-hk-ws10 (2).pdf	Meine Pruefungsmaterialien/02. Semester/Betriebssysteme/Weis/Klausuren/BS_Weis_WS10-11_K_V02.pdf
Meine Pruefungsmaterialien/02. Semester/Betriebssysteme/Weis/Klausuren/bs-weis-nk-ss08.pdf	Meine Pruefungsmaterialien/02. Semester/Betriebssysteme/Weis/Klausuren/BS_Weis_SS08_K_NK.pdf
Meine Pruefungsmaterialien/02. Semester/Betriebssysteme/Weis/Klausuren/photos-1.dropbox.com (1).url	Meine Pruefungsmaterialien/02. Semester/Betriebssysteme/Weis/Klausuren/BS_Weis_Zeit-unbekannt_K_V02.url
Meine Pruefungsmaterialien/02. Semester/Betriebssysteme/Weis/Klausuren/photos-2.dropbox.com (1).url	Meine Pruefungsmaterialien/02. Semester/Betriebssysteme/Weis/Klausuren/BS_Weis_Zeit-unbekannt_K_V03.url
Meine Pruefungsmaterialien/02. Semester/Betriebssysteme/Weis/Klausuren/photos-2.dropbox.com.url	Meine Pruefungsmaterialien/02. Semester/Betriebssysteme/Weis/Klausuren/BS_Weis_Zeit-unbekannt_K_V04.url
Meine Pruefungsmaterialien/03. Semester/Computergrafik Grundlagen/Tramberend/Klausuren/#photos-3.dropbox.com.url	Meine Pruefungsmaterialien/03. Semester/Computergrafik Grundlagen/Tramberend/Klausuren/CGG_Tramberend_Zeit-unbekannt_K_V01.url
Meine Pruefungsmaterialien/03. Semester/Computergrafik Grundlagen/Tramberend/Klausuren/CGI_Tramberend_Halbzeittest_SoSe17.pdf	Meine Pruefungsmaterialien/03. Semester/Computergrafik Grundlagen/Tramberend/Klausuren/CGG_Tramberend_SS17_K_V01.pdf
Meine Pruefungsmaterialien/03. Semester/Computergrafik Grundlagen/Tramberend/Klausuren/Computergrafik_SS_18_Tramberend.pdf	Meine Pruefungsmaterialien/03. Semester/Computergrafik Grundlagen/Tramberend/Klausuren/CGG_Tramberend_SS18_K_V01.pdf
Meine Pruefungsmaterialien/03. Semester/Computergrafik Grundlagen/Tramberend/Klausuren/Computergrafik_WS_17_18_Tramberend.pdf	Meine Pruefungsmaterialien/03. Semester/Computergrafik Grundlagen/Tramberend/Klausuren/CGG_Tramberend_WS17-18_K_V01.pdf
Meine Pruefungsmaterialien/03. Semester/Computergrafik Grundlagen/Tramberend/Klausuren/Tramberend - 2010-WS - 1.pdf	Meine Pruefungsmaterialien/03. Semester/Computergrafik Grundlagen/Tramberend/Klausuren/CGG_Tramberend_WS10-11_K_V01.pdf
Meine Pruefungsmaterialien/03. Semester/Computergrafik Grundlagen/Tramberend/Klausuren/Tramberend - 2016-WS - 1.pdf	Meine Pruefungsmaterialien/03. Semester/Computergrafik Grundlagen/Tramberend/Klausuren/CGG_Tramberend_WS16-17_K_V01.pdf
Meine Pruefungsmaterialien/03. Semester/Computergrafik Grundlagen/Tramberend/Klausuren/Tramberend - 2017-SS - 1.pdf	Meine Pruefungsmaterialien/03. Semester/Computergrafik Grundlagen/Tramberend/Klausuren/CGG_Tramberend_SS17_K_V02.pdf
Meine Pruefungsmaterialien/03. Semester/Computergrafik Grundlagen/Tramberend/Klausuren/Tramberend - 2017-SS - Halbzeittest - 1.pdf	Meine Pruefungsmaterialien/03. Semester/Computergrafik Grundlagen/Tramberend/Klausuren/CGG_Tramberend_SS17_K_V03.pdf
Meine Pruefungsmaterialien/03. Semester/Computergrafik Grundlagen/Tramberend/Klausuren/Tramberend - 2017-SS - Halbzeittest - 2.pdf	Meine Pruefungsmaterialien/03. Semester/Computergrafik Grundlagen/Tramberend/Klausuren/CGG_Tramberend_SS17_K_V04.pdf
Meine Pruefungsmaterialien/03. Semester/Computergrafik Grundlagen/Tramberend/Klausuren/Tramberend - 2017-WS - 1.pdf	Meine Pruefungsmaterialien/03. Semester/Computergrafik Grundlagen/Tramberend/Klausuren/CGG_Tramberend_WS17-18_K_V02.pdf
Meine Pruefungsmaterialien/03. Semester/Computergrafik Grundlagen/Tramberend/Klausuren/Tramberend_CG1_SoSe17.pdf	Meine Pruefungsmaterialien/03. Semester/Computergrafik Grundlagen/Tramberend/Klausuren/CGG_Tramberend_SS17_K_V05.pdf
Meine Pruefungsmaterialien/03. Semester/Computergrafik Grundlagen/Tramberend/Klausuren/photos-1.dropbox.com.url	Meine Pruefungsmaterialien/03. Semester/Computergrafik Grundlagen/Tramberend/Klausuren/CGG_Tramberend_Zeit-unbekannt_K_V02.url
Meine Pruefungsmaterialien/03. Semester/Medientechnologien/Hönemann/Klausuren/Hoehnemann - 2017-SS - 1.pdf	Meine Pruefungsmaterialien/03. Semester/Medientechnologien/Hönemann/Klausuren/MT_Hoenemann_SS17_K_V01.pdf
Meine Pruefungsmaterialien/03. Semester/Medientechnologien/Mixdorff/Klausuren/MMT_Klausur_SS2014.pdf	Meine Pruefungsmaterialien/03. Semester/Medientechnologien/Mixdorff/Klausuren/MT_Mixdorff_SS14_K_V01.pdf
Meine Pruefungsmaterialien/03. Semester/Medientechnologien/Mixdorff/Klausuren/MMT_Klausur_WS2010.pdf	Meine Pruefungsmaterialien/03. Semester/Medientechnologien/Mixdorff/Klausuren/MT_Mixdorff_WS10-11_K_V01.pdf
Meine Pruefungsmaterialien/03. Semester/Medientechnologien/Mixdorff/Klausuren/Medientechnologie_WS_17_18_Mixdorff.pdf	Meine Pruefungsmaterialien/03. Semester/Medientechnologien/Mixdorff/Klausuren/MT_Mixdorff_WS17-18_K_V01.pdf
Meine Pruefungsmaterialien/03. Semester/Medientechnologien/Mixdorff/Klausuren/Mixdorff - 2001-SS - 1.pdf	Meine Pruefungsmaterialien/03. Semester/Medientechnologien/Mixdorff/Klausuren/MT_Mixdorff_SS01_K_V01.pdf
Meine Pruefungsmaterialien/03. Semester/Medientechnologien/Mixdorff/Klausuren/Mixdorff - 2009-WS - 1.pdf	Meine Pruefungsmaterialien/03. Semester/Medientechnologien/Mixdorff/Klausuren/MT_Mixdorff_WS09-10_K_V01.pdf
Meine Pruefungsmaterialien/03. Semester/Medientechnologien/Mixdorff/Klausuren/Mixdorff - 2009-WS - 2.pdf	Meine Pruefungsmaterialien/03. Semester/Medientechnologien/Mixdorff/Klausuren/MT_Mixdorff_WS09-10_K_V02.pdf
Meine Pruefungsmaterialien/03. Semester/Medientechnologien/Mixdorff/Klausuren/Mixdorff - 2010-SS - 1.pdf	Meine Pruefungsmaterialien/03. Semester/Medientechnologien/Mixdorff/Klausuren/MT_Mixdorff_SS10_K_V01.pdf
Meine Pruefungsmaterialien/03. Semester/Medientechnologien/Mixdorff/Klausuren/Mixdorff - 2010-SS - 2.pdf	Meine Pruefungsmaterialien/03. Semester/Medientechnologien/Mixdorff/Klausuren/MT_Mixdorff_SS10_K_V02.pdf
Meine Pruefungsmaterialien/03. Semester/Medientechnologien/Mixdorff/Klausuren/Mixdorff - 2010-WS - 1.pdf	Meine Pruefungsmaterialien/03. Semester/Medientechnologien/Mixdorff/Klausuren/MT_Mixdorff_WS10-11_K_V02.pdf
Meine Pruefungsmaterialien/03. Semester/Medientechnologien/Mixdorff/Klausuren/Mixdorff - 2010-WS - 2.pdf	Meine Pruefungsmaterialien/03. Semester/Medientechnologien/Mixdorff/Klausuren/MT_Mixdorff_WS10-11_K_V03.pdf
Meine Pruefungsmaterialien/03. Semester/Medientechnologien/Mixdorff/Klausuren/Mixdorff - 2010-WS - 3.pdf	Meine Pruefungsmaterialien/03. Semester/Medientechnologien/Mixdorff/Klausuren/MT_Mixdorff_WS10-11_K_V04.pdf
Meine Pruefungsmaterialien/03. Semester/Medientechnologien/Mixdorff/Klausuren/Mixdorff - 2011-SS - 1.pdf	Meine Pruefungsmaterialien/03. Semester/Medientechnologien/Mixdorff/Klausuren/MT_Mixdorff_SS11_K_V01.pdf
Meine Pruefungsmaterialien/03. Semester/Medientechnologien/Mixdorff/Klausuren/Mixdorff - 2011-WS - 1.pdf	Meine Pruefungsmaterialien/03. Semester/Medientechnologien/Mixdorff/Klausuren/MT_Mixdorff_WS11-12_K_V01.pdf
Meine Pruefungsmaterialien/03. Semester/Medientechnologien/Mixdorff/Klausuren/Mixdorff - 2012-WS - 1.pdf	Meine Pruefungsmaterialien/03. Semester/Medientechnologien/Mixdorff/Klausuren/MT_Mixdorff_WS12-13_K_V01.pdf
Meine Pruefungsmaterialien/03. Semester/Medientechnologien/Mixdorff/Klausuren/Mixdorff - 2012-WS - 2.pdf	Meine Pruefungsmaterialien/03. Semester/Medientechnologien/Mixdorff/Klausuren/MT_Mixdorff_WS12-13_K_V02.pdf
Meine Pruefungsmaterialien/03. Semester/Medientechnologien/Mixdorff/Klausuren/Mixdorff - 2013-WS - 1.pdf	Meine Pruefungsmaterialien/03. Semester/Medientechnologien/Mixdorff/Klausuren/MT_Mixdorff_WS13-14_K_V01.pdf
Meine Pruefungsmaterialien/03. Semester/Medientechnologien/Mixdorff/Klausuren/Mixdorff - 2013-WS - 2.pdf	Meine Pruefungsmaterialien/03. Semester/Medientechnologien/Mixdorff/Klausuren/MT_Mixdorff_WS13-14_K_V02.pdf
Meine Pruefungsmaterialien/03. Semester/Medientechnologien/Mixdorff/Klausuren/Mixdorff - 2014-SS - 1.pdf	Meine Pruefungsmaterialien/03. Semester/Medientechnologien/Mixdorff/Klausuren/MT_Mixdorff_SS14_K_V02.pdf
Meine Pruefungsmaterialien/03. Semester/Medientechnologien/Mixdorff/Klausuren/Mixdorff - 2014-SS - 2.pdf	Meine Pruefungsmaterialien/03. Semester/Medientechnologien/Mixdorff/Klausuren/MT_Mixdorff_SS14_K_V03.pdf
Meine Pruefungsmaterialien/03. Semester/Medientechnologien/Mixdorff/Klausuren/Mixdorff - 2017-WS - 1.pdf	Meine Pruefungsmaterialien/03. Semester/Medientechnologien/Mixdorff/Klausuren/MT_Mixdorff_WS17-18_K_V02.pdf
Meine Pruefungsmaterialien/03. Semester/Medientechnologien/Mixdorff/Klausuren/mta-mixdorf-ws11-1.pdf	Meine Pruefungsmaterialien/03. Semester/Medientechnologien/Mixdorff/Klausuren/MT_Mixdorff_WS11-12_K_V02.pdf
Meine Pruefungsmaterialien/03. Semester/Medientechnologien/Mixdorff/Klausuren/mta-mixdorff-2001ss.pdf	Meine Pruefungsmaterialien/03. Semester/Medientechnologien/Mixdorff/Klausuren/MT_Mixdorff_SS01_K_V02.pdf
Meine Pruefungsmaterialien/03. Semester/Medientechnologien/Mixdorff/Klausuren/mta-mixdorff-2011ss.pdf	Meine Pruefungsmaterialien/03. Semester/Medientechnologien/Mixdorff/Klausuren/MT_Mixdorff_SS11_K_V02.pdf
Meine Pruefungsmaterialien/03. Semester/Medientechnologien/Mixdorff/Klausuren/mta-mixdorff-2012ws.pdf	Meine Pruefungsmaterialien/03. Semester/Medientechnologien/Mixdorff/Klausuren/MT_Mixdorff_WS12-13_K_V03.pdf
Meine Pruefungsmaterialien/03. Semester/Medientechnologien/Mixdorff/Klausuren/mta-mixdorff-2014ss.pdf	Meine Pruefungsmaterialien/03. Semester/Medientechnologien/Mixdorff/Klausuren/MT_Mixdorff_SS14_K_V04.pdf
Meine Pruefungsmaterialien/03. Semester/Medientechnologien/Mixdorff/Klausuren/mta-mixdorff-hk-ws11.pdf	Meine Pruefungsmaterialien/03. Semester/Medientechnologien/Mixdorff/Klausuren/MT_Mixdorff_WS11-12_K_V03.pdf
Meine Pruefungsmaterialien/03. Semester/Medientechnologien/Mixdorff/Klausuren/mta-mixdorff-ss10.pdf	Meine Pruefungsmaterialien/03. Semester/Medientechnologien/Mixdorff/Klausuren/MT_Mixdorff_SS10_K_V03.pdf
Meine Pruefungsmaterialien/03. Semester/Medientechnologien/Mixdorff/Klausuren/mta-mixdorff-ws09-Lösung.pdf	Meine Pruefungsmaterialien/03. Semester/Medientechnologien/Mixdorff/Klausuren/MT_Mixdorff_WS09-10_K_V03_L.pdf
Meine Pruefungsmaterialien/03. Semester/Medientechnologien/Mixdorff/Klausuren/mta-mixdorff-ws09.pdf	Meine Pruefungsmaterialien/03. Semester/Medientechnologien/Mixdorff/Klausuren/MT_Mixdorff_WS09-10_K_V04.pdf
Meine Pruefungsmaterialien/03. Semester/Medientechnologien/Mixdorff/Klausuren/mta-mixdorff-ws10.pdf	Meine Pruefungsmaterialien/03. Semester/Medientechnologien/Mixdorff/Klausuren/MT_Mixdorff_WS10-11_K_V05.pdf
Meine Pruefungsmaterialien/04. Semester/Software Engineering II/Ziemer/Klausuren/Ziemer - 2010-WS - 1.pdf	Meine Pruefungsmaterialien/04. Semester/Software Engineering II/Ziemer/Klausuren/SE2_Ziemer_WS10-11_K_V01.pdf
Meine Pruefungsmaterialien/04. Semester/Software Engineering II/Ziemer/Klausuren/Ziemer - 2011-WS - 1.pdf	Meine Pruefungsmaterialien/04. Semester/Software Engineering II/Ziemer/Klausuren/SE2_Ziemer_WS11-12_K_V01.pdf
Meine Pruefungsmaterialien/04. Semester/Software Engineering II/Ziemer/Klausuren/Ziemer - 2013-SS - 1.pdf	Meine Pruefungsmaterialien/04. Semester/Software Engineering II/Ziemer/Klausuren/SE2_Ziemer_SS13_K_V01.pdf
Meine Pruefungsmaterialien/04. Semester/Software Engineering II/Ziemer/Klausuren/Ziemer - 2014-SS - 1.pdf	Meine Pruefungsmaterialien/04. Semester/Software Engineering II/Ziemer/Klausuren/SE2_Ziemer_SS14_K_V01.pdf
Meine Pruefungsmaterialien/04. Semester/Software Engineering II/Ziemer/Klausuren/Ziemer - 2014-SS - 2.pdf	Meine Pruefungsmaterialien/04. Semester/Software Engineering II/Ziemer/Klausuren/SE2_Ziemer_SS14_K_V02.pdf
Meine Pruefungsmaterialien/04. Semester/Software Engineering II/Ziemer/Klausuren/Ziemer - 2018-SS - 1.pdf	Meine Pruefungsmaterialien/04. Semester/Software Engineering II/Ziemer/Klausuren/SE2_Ziemer_SS18_K_V01.pdf
Meine Pruefungsmaterialien/04. Semester/Software Engineering II/Ziemer/Klausuren/Ziemer - 2024-SS - 1_PZ - A - 1.pdf	Meine Pruefungsmaterialien/04. Semester/Software Engineering II/Ziemer/Klausuren/SE2_Ziemer_SS24_K_PZ1.pdf
Meine Pruefungsmaterialien/04. Semester/Software Engineering II/Ziemer/Klausuren/Ziemer - 2024-SS - 1_PZ - A - 2.pdf	Meine Pruefungsmaterialien/04. Semester/Software Engineering II/Ziemer/Klausuren/SE2_Ziemer_SS24_K_PZ1_D02.pdf
Meine Pruefungsmaterialien/04. Semester/Software Engineering II/Ziemer/Klausuren/Ziemer - 2024-SS - 1_PZ - B.pdf	Meine Pruefungsmaterialien/04. Semester/Software Engineering II/Ziemer/Klausuren/SE2_Ziemer_SS24_K_PZ1_D03.pdf
Meine Pruefungsmaterialien/04. Semester/Web Engineering II/von Pilgrim/Klausuren/Pilgrim - 2022-WS- X.pdf	Meine Pruefungsmaterialien/04. Semester/Web Engineering II/von Pilgrim/Klausuren/WE2_Pilgrim_WS22-23_K_V01.pdf
Meine Pruefungsmaterialien/04. Semester/Web Engineering II/von Pilgrim/Klausuren/Pilgrim - 2023-SS - 1.pdf	Meine Pruefungsmaterialien/04. Semester/Web Engineering II/von Pilgrim/Klausuren/WE2_Pilgrim_SS23_K_V01.pdf
Meine Pruefungsmaterialien/04. Semester/Web Engineering II/von Pilgrim/Klausuren/Pilgrim - 2023-WS - 1.pdf	Meine Pruefungsmaterialien/04. Semester/Web Engineering II/von Pilgrim/Klausuren/WE2_Pilgrim_WS23-24_K_V01.pdf
Meine Pruefungsmaterialien/04. Semester/Web Engineering II/von Pilgrim/Klausuren/Pilgrim - 2024-WS - 1.pdf	Meine Pruefungsmaterialien/04. Semester/Web Engineering II/von Pilgrim/Klausuren/WE2_Pilgrim_WS23-24_K_V02.pdf
